{"model":{"type":"range_dispatch","property":"custom_model_data","index":0,"fallback":{"type":"minecraft:model","model":"minecraft:item/diamond_hoe"},"entries":[{"threshold":10000,"model":{"type":"model","model":"iasurvival:item/ia_auto/ruby_hoe"}},{"threshold":10001,"model":{"type":"model","model":"iasurvival:item/ia_auto/bronze_hoe"}},{"threshold":10002,"model":{"type":"model","model":"iasurvival:item/ia_auto/dark_amethyst_hoe"}},{"threshold":10003,"model":{"type":"model","model":"item/diamond_hoe"}}]},"oversized_in_gui":true}