{"model":{"type":"range_dispatch","property":"custom_model_data","index":0,"fallback":{"type":"minecraft:model","model":"minecraft:item/diamond_sword"},"entries":[{"threshold":10000,"model":{"type":"model","model":"iasurvival:item/ia_auto/aqualight_sword"}},{"threshold":10001,"model":{"type":"model","model":"iasurvival:item/ia_auto/bronze_sword"}},{"threshold":10002,"model":{"type":"model","model":"iasurvival:item/ia_auto/end_sword"}},{"threshold":10003,"model":{"type":"model","model":"iasurvival:item/swords/firesword_sword"}},{"threshold":10004,"model":{"type":"model","model":"iasurvival:item/ia_auto/ruby_sword"}},{"threshold":10005,"model":{"type":"model","model":"iasurvival:item/ia_auto/emerald_sword"}},{"threshold":10006,"model":{"type":"model","model":"iasurvival:item/ia_auto/dark_amethyst_sword"}},{"threshold":10007,"model":{"type":"model","model":"iasurvival:item/ia_auto/bloodnite_sword"}},{"threshold":10008,"model":{"type":"model","model":"iasurvival:item/ia_auto/rusteroth_sword"}},{"threshold":10009,"model":{"type":"model","model":"iaalchemy:item/ia_auto/mysterious_sword"}},{"threshold":10010,"model":{"type":"model","model":"iasurvival:item/ia_auto/vyderlight_sword"}},{"threshold":10011,"model":{"type":"model","model":"item/diamond_sword"}}]},"oversized_in_gui":true}