{"model":{"type":"range_dispatch","property":"custom_model_data","index":0,"fallback":{"type":"minecraft:model","model":"minecraft:item/iron_pickaxe"},"entries":[{"threshold":10000,"model":{"type":"model","model":"ax_emerald_set:item/ia_auto/emerald_pickaxe"}},{"threshold":10001,"model":{"type":"model","model":"iasurvival:item/ia_auto/ruby_pickaxe"}},{"threshold":10002,"model":{"type":"model","model":"pickaxepack:item/ia_auto/pickaxe1"}},{"threshold":10003,"model":{"type":"model","model":"pickaxepack:item/ia_auto/pickaxe2"}},{"threshold":10004,"model":{"type":"model","model":"pickaxepack:item/ia_auto/pickaxe3"}},{"threshold":10005,"model":{"type":"model","model":"pickaxepack:item/ia_auto/pickaxe4"}},{"threshold":10006,"model":{"type":"model","model":"pickaxepack:item/ia_auto/pickaxe5"}},{"threshold":10007,"model":{"type":"model","model":"pickaxepack:item/ia_auto/pickaxe6"}},{"threshold":10008,"model":{"type":"model","model":"pickaxepack:item/ia_auto/pickaxe7"}},{"threshold":10009,"model":{"type":"model","model":"pickaxepack:item/ia_auto/pickaxe8"}},{"threshold":10010,"model":{"type":"model","model":"item/iron_pickaxe"}}]},"oversized_in_gui":true}