{"model":{"type":"range_dispatch","property":"custom_model_data","index":0,"fallback":{"type":"minecraft:model","model":"minecraft:item/netherite_hoe"},"entries":[{"threshold":10000,"model":{"type":"model","model":"inkless:item/ia_auto/silly_blue_hoe"}},{"threshold":10001,"model":{"type":"model","model":"inkless:item/ia_auto/silly_red_hoe"}},{"threshold":10002,"model":{"type":"model","model":"inkless:item/ia_auto/silly_green_hoe"}},{"threshold":10003,"model":{"type":"model","model":"item/netherite_hoe"}}]},"oversized_in_gui":true}