{"model":{"type":"range_dispatch","property":"custom_model_data","index":0,"fallback":{"type":"minecraft:model","model":"minecraft:item/netherite_axe"},"entries":[{"threshold":10000,"model":{"type":"model","model":"inkless:item/ia_auto/silly_blue_axe"}},{"threshold":10001,"model":{"type":"model","model":"inkless:item/ia_auto/silly_red_axe"}},{"threshold":10002,"model":{"type":"model","model":"inkless:item/ia_auto/silly_green_axe"}},{"threshold":10003,"model":{"type":"model","model":"item/netherite_axe"}}]},"oversized_in_gui":true}