{"model":{"type":"range_dispatch","property":"custom_model_data","index":0,"fallback":{"type":"minecraft:model","model":"minecraft:item/stick"},"entries":[{"threshold":10000,"model":{"type":"model","model":"iasurvival:item/ia_auto/drink_glass"}},{"threshold":10001,"model":{"type":"model","model":"iaalchemy:item/ia_auto/energy_orb"}},{"threshold":10002,"model":{"type":"model","model":"iaalchemy:item/ia_auto/small_energy_capsule"}},{"threshold":10003,"model":{"type":"model","model":"iaalchemy:item/ia_auto/energy_capsule"}},{"threshold":10004,"model":{"type":"model","model":"iasurvival:item/ia_auto/cup_of_water"}},{"threshold":10005,"model":{"type":"model","model":"iasurvival:item/ia_auto/dough"}},{"threshold":10006,"model":{"type":"model","model":"iasurvival:item/ia_auto/chili_powder"}},{"threshold":10007,"model":{"type":"model","model":"iasurvival:item/ia_auto/ketchup_bottle"}},{"threshold":10008,"model":{"type":"model","model":"iasurvival:item/ia_auto/empty_cup"}},{"threshold":10009,"model":{"type":"model","model":"iasurvival:item/ia_auto/flour"}},{"threshold":10010,"model":{"type":"model","model":"iasurvival:item/ia_auto/nest"}},{"threshold":10011,"model":{"type":"model","model":"iasurvival:item/ia_auto/eggs_nest"}},{"threshold":10012,"model":{"type":"model","model":"iasurvival:item/ia_auto/plastic"}},{"threshold":10013,"model":{"type":"model","model":"iasurvival:item/ia_auto/plastic_plate"}},{"threshold":10014,"model":{"type":"model","model":"iasurvival:item/ia_auto/iron_plate"}},{"threshold":10015,"model":{"type":"model","model":"iasurvival:item/ia_auto/tobacco"}},{"threshold":10016,"model":{"type":"model","model":"iageneric:item/ia_auto/bug_medal"}},{"threshold":10017,"model":{"type":"model","model":"iageneric:item/ia_auto/cute_medal"}},{"threshold":10018,"model":{"type":"model","model":"iageneric:item/ia_auto/donator_medal"}},{"threshold":10019,"model":{"type":"model","model":"iageneric:item/ia_auto/coin"}},{"threshold":10020,"model":{"type":"model","model":"iageneric:item/ia_auto/banknote"}},{"threshold":10021,"model":{"type":"model","model":"iageneric:item/ia_auto/sack_of_money"}},{"threshold":10022,"model":{"type":"model","model":"iageneric:item/ia_auto/plastic_bag"}},{"threshold":10023,"model":{"type":"model","model":"iageneric:item/ia_auto/light_blue_coupon"}},{"threshold":10024,"model":{"type":"model","model":"iageneric:item/ia_auto/turquoise_coupon"}},{"threshold":10025,"model":{"type":"model","model":"iageneric:item/ia_auto/purple_coupon"}},{"threshold":10026,"model":{"type":"model","model":"iageneric:item/ia_auto/green_coupon"}},{"threshold":10027,"model":{"type":"model","model":"iageneric:item/ia_auto/red_coupon"}},{"threshold":10028,"model":{"type":"model","model":"iageneric:item/ia_auto/black_coupon"}},{"threshold":10029,"model":{"type":"model","model":"iageneric:item/ia_auto/white_coupon"}},{"threshold":10030,"model":{"type":"model","model":"iageneric:item/ia_auto/golden_coupon"}},{"threshold":10031,"model":{"type":"model","model":"iageneric:item/ia_auto/blue_ring"}},{"threshold":10032,"model":{"type":"model","model":"iageneric:item/ia_auto/light_blue_ring"}},{"threshold":10033,"model":{"type":"model","model":"iageneric:item/ia_auto/turquoise_ring"}},{"threshold":10034,"model":{"type":"model","model":"iageneric:item/ia_auto/purple_ring"}},{"threshold":10035,"model":{"type":"model","model":"iageneric:item/ia_auto/green_ring"}},{"threshold":10036,"model":{"type":"model","model":"iageneric:item/ia_auto/red_ring"}},{"threshold":10037,"model":{"type":"model","model":"iageneric:item/ia_auto/black_ring"}},{"threshold":10038,"model":{"type":"model","model":"iageneric:item/ia_auto/white_ring"}},{"threshold":10039,"model":{"type":"model","model":"iageneric:item/ia_auto/golden_ring"}},{"threshold":10040,"model":{"type":"model","model":"iageneric:item/ia_auto/marriage_ring"}},{"threshold":10041,"model":{"type":"model","model":"iageneric:item/ia_auto/blue_key"}},{"threshold":10042,"model":{"type":"model","model":"iageneric:item/ia_auto/light_blue_key"}},{"threshold":10043,"model":{"type":"model","model":"iageneric:item/ia_auto/turquoise_key"}},{"threshold":10044,"model":{"type":"model","model":"iageneric:item/ia_auto/purple_key"}},{"threshold":10045,"model":{"type":"model","model":"iageneric:item/ia_auto/green_key"}},{"threshold":10046,"model":{"type":"model","model":"iageneric:item/ia_auto/red_key"}},{"threshold":10047,"model":{"type":"model","model":"iageneric:item/ia_auto/black_key"}},{"threshold":10048,"model":{"type":"model","model":"iageneric:item/ia_auto/white_key"}},{"threshold":10049,"model":{"type":"model","model":"iageneric:item/ia_auto/golden_key"}},{"threshold":10050,"model":{"type":"model","model":"iageneric:item/carton_box"}},{"threshold":10051,"model":{"type":"model","model":"rpgarmory:item/ia_auto/staff1"}},{"threshold":10052,"model":{"type":"model","model":"rpgarmory:item/ia_auto/staff2"}},{"threshold":10053,"model":{"type":"model","model":"rpgarmory:item/ia_auto/staff3"}},{"threshold":10054,"model":{"type":"model","model":"rpgarmory:item/ia_auto/staff4"}},{"threshold":10055,"model":{"type":"model","model":"rpgarmory:item/ia_auto/staff5"}},{"threshold":10056,"model":{"type":"model","model":"rpgarmory:item/ia_auto/staff6"}},{"threshold":10057,"model":{"type":"model","model":"rpgarmory:item/ia_auto/staff7"}},{"threshold":10058,"model":{"type":"model","model":"rpgarmory:item/ia_auto/staff8"}},{"threshold":10059,"model":{"type":"model","model":"rpgarmory:item/ia_auto/staff9"}},{"threshold":10060,"model":{"type":"model","model":"rpgarmory:item/ia_auto/staff10"}},{"threshold":10061,"model":{"type":"model","model":"rpgarmory:item/ia_auto/staff11"}},{"threshold":10062,"model":{"type":"model","model":"rpgarmory:item/ia_auto/staff12"}},{"threshold":10063,"model":{"type":"model","model":"rpgarmory:item/ia_auto/staff13"}},{"threshold":10064,"model":{"type":"model","model":"rpgarmory:item/ia_auto/staff14"}},{"threshold":10065,"model":{"type":"model","model":"rpgarmory:item/ia_auto/staff15"}},{"threshold":10066,"model":{"type":"model","model":"rpgarmory:item/ia_auto/staff16"}},{"threshold":10067,"model":{"type":"model","model":"rpgarmory:item/ia_auto/staff17"}},{"threshold":10068,"model":{"type":"model","model":"rpgarmory:item/ia_auto/staff18"}},{"threshold":10069,"model":{"type":"model","model":"rpgarmory:item/ia_auto/staff19"}},{"threshold":10070,"model":{"type":"model","model":"rpgarmory:item/ia_auto/staff20"}},{"threshold":10071,"model":{"type":"model","model":"rpgarmory:item/ia_auto/staff21"}},{"threshold":10072,"model":{"type":"model","model":"rpgarmory:item/ia_auto/staff22"}},{"threshold":10073,"model":{"type":"model","model":"rpgarmory:item/ia_auto/staff23"}},{"threshold":10074,"model":{"type":"model","model":"rpgarmory:item/ia_auto/staff24"}},{"threshold":10075,"model":{"type":"model","model":"rpgarmory:item/ia_auto/staff25"}},{"threshold":10076,"model":{"type":"model","model":"rpgarmory:item/ia_auto/staff26"}},{"threshold":10077,"model":{"type":"model","model":"rpgarmory:item/ia_auto/staff27"}},{"threshold":10078,"model":{"type":"model","model":"iaalchemy:item/mysterious_artifact"}},{"threshold":10079,"model":{"type":"model","model":"iasurvival:item/ia_auto/cup_of_hot_water"}},{"threshold":10080,"model":{"type":"model","model":"iasurvival:item/ia_auto/jar"}},{"threshold":10081,"model":{"type":"model","model":"iasurvival:item/ia_auto/ketchup"}},{"threshold":10082,"model":{"type":"model","model":"iasurvival:item/ia_auto/sword_skin_rusteroth"}},{"threshold":10083,"model":{"type":"model","model":"iasurvival:item/ia_auto/sword_skin_bloodnite"}},{"threshold":10084,"model":{"type":"model","model":"iasurvival:item/ia_auto/sword_skin_vyderlight"}},{"threshold":10085,"model":{"type":"model","model":"iasurvival:item/ia_auto/sword_skin_aqualight"}},{"threshold":10086,"model":{"type":"model","model":"item/stick"}}]},"oversized_in_gui":true}