{"textures​":{"0":"\u0069\u0061\u0066\u0065\u0073\u0074\u0069\u0076\u0069\u0074\u0069\u0065\u0073:\u0068\u0061\u006c\u006c\u006f\u0077\u0065\u0065\u006e/\u0077\u0069\u0074\u0063\u0068_\u0068\u0061\u0074","\u0070\u0061\u0072\u0074\u0069\u0063\u006c\u0065":"\u0069\u0061\u0066\u0065\u0073\u0074\u0069\u0076\u0069\u0074\u0069\u0065\u0073:\u0068\u0061\u006c\u006c\u006f\u0077\u0065\u0065\u006e/\u0077\u0069\u0074\u0063\u0068_\u0068\u0061\u0074"},"\u0074\u0065\u0078\u0074\u0075\u0072\u0065\u0073":{"0":"\u0069\u0061\u0066\u0065\u0073\u0074\u0069\u0076\u0069\u0074\u0069\u0065\u0073:\u0068\u0061\u006c\u006c\u006f\u0077\u0065\u0065\u006e/\u0077\u0069\u0074\u0063\u0068_\u0068\u0061\u0074","\u0070\u0061\u0072\u0074\u0069\u0063\u006c\u0065":"\u0069\u0061\u0066\u0065\u0073\u0074\u0069\u0076\u0069\u0074\u0069\u0065\u0073:\u0068\u0061\u006c\u006c\u006f\u0077\u0065\u0065\u006e/\u0077\u0069\u0074\u0063\u0068_\u0068\u0061\u0074"},"elements":[{"from":[0,14,0],"to":[15,16.7,15],"faces":{"north":{"uv":[0,2.5,2.5,3],"texture":"#0","tintindex":0},"east":{"uv":[2.5,2.5,5,3],"texture":"#0","tintindex":0},"south":{"uv":[2.5,2.5,5,3],"texture":"#0","tintindex":0},"west":{"uv":[2.5,2.5,5,3],"texture":"#0","tintindex":0},"up":{"uv":[2.5,2.5,5,2.75],"texture":"#0","tintindex":0},"down":{"uv":[2.5,0,5,2.5],"texture":"#0","tintindex":0}}},{"from":[2,16.75,2],"to":[13,21.45,13],"faces":{"north":{"uv":[1.75,4.75,3.5,5.75],"texture":"#0","tintindex":0},"east":{"uv":[3.5,4.75,5.25,5.75],"texture":"#0","tintindex":0},"south":{"uv":[3.5,4.75,5.25,5.75],"texture":"#0","tintindex":0},"west":{"uv":[0,4.75,1.75,5.75],"texture":"#0","tintindex":0},"up":{"uv":[2.5,2.5,5,2.75],"texture":"#0","tintindex":0},"down":{"uv":[0,0,15,15],"texture":"#0","tintindex":0}}},{"from":[4.1,20.75,4],"to":[11.2,25.95,11],"faces":{"north":{"uv":[0,6.75,1,7.75],"texture":"#0","tintindex":0},"east":{"uv":[0,6.75,1,7.75],"texture":"#0","tintindex":0},"south":{"uv":[0,6.75,1,7.75],"texture":"#0","tintindex":0},"west":{"uv":[0,6.75,1,7.75],"texture":"#0","tintindex":0},"up":{"uv":[1,5.75,2,6.75],"texture":"#0","tintindex":0},"down":{"uv":[0,6.75,1,7.75],"texture":"#0","tintindex":0}}},{"from":[6.4,25.75,7.5],"to":[9,29.45,9.3],"rotation":{"angle":22.5,"axis":"x","origin":[7.66405,27.60116,7.03479]},"faces":{"north":{"uv":[0,8,1,8.5],"texture":"#0","tintindex":0},"east":{"uv":[0,8,1,8.5],"texture":"#0","tintindex":0},"south":{"uv":[0,8,1,8.5],"texture":"#0","tintindex":0},"west":{"uv":[0,8,1,8.5],"texture":"#0","tintindex":0},"up":{"uv":[0.25,7.75,0.5,8],"texture":"#0","tintindex":0},"down":{"uv":[0,8,1,8.5],"texture":"#0","tintindex":0}}}],"display":{"thirdperson_righthand":{"rotation":[45,0,0],"translation":[0.5,-0.25,-2.75],"scale":[0.3,0.3,0.3]},"firstperson_righthand":{"rotation":[0,119,0],"translation":[2.5,-1.25,1],"scale":[0.3,0.3,0.3]},"firstperson_lefthand":{"rotation":[0,119,0],"translation":[2.5,1,0.25],"scale":[0.3,0.3,0.3]},"ground":{"translation":[0,3,0],"scale":[0.3,0.3,0.3]},"gui":{"rotation":[20,-145,0],"translation":[-0.5,-8.75,0],"scale":[0.8,0.8,0.7]},"head":{"translation":[0.5,-2,0]},"fixed":{"translation":[0,-13,-5.25]}},"gui_light":"front"}