{"textures​":{"layer0":"minecraft:item/light_gray_shulker_box"},"credit":"MadewithBlockbench","\u0074\u0065\u0078\u0074\u0075\u0072\u0065\u0073":{"0":"\u0062\u006c\u006f\u0063\u006b/\u0069\u0072\u006f\u006e_\u0062\u006c\u006f\u0063\u006b","1":"\u0062\u006c\u006f\u0063\u006b/\u0064\u0069\u0061\u006d\u006f\u006e\u0064_\u0062\u006c\u006f\u0063\u006b","2":"\u0069\u0074\u0065\u006d/\u0065\u006e\u0064\u0065\u0072_\u0065\u0079\u0065","3":"\u0062\u006c\u006f\u0063\u006b/\u006f\u0062\u0073\u0069\u0064\u0069\u0061\u006e","\u0070\u0061\u0072\u0074\u0069\u0063\u006c\u0065":"\u0062\u006c\u006f\u0063\u006b/\u0069\u0072\u006f\u006e_\u0062\u006c\u006f\u0063\u006b"},"elements":[{"from":[15,0,1],"to":[16,1,15],"faces":{"north":{"uv":[0,0,14,1],"texture":"#0"},"east":{"uv":[0,0,14,1],"texture":"#0"},"south":{"uv":[0,0,14,1],"texture":"#0"},"west":{"uv":[0,0,14,1],"texture":"#0"},"up":{"uv":[0,0,14,1],"texture":"#0"},"down":{"uv":[0,0,14,1],"texture":"#0"}}},{"from":[1,0,15],"to":[15,1,16],"faces":{"north":{"uv":[0,0,14,1],"texture":"#0"},"east":{"uv":[0,0,14,1],"texture":"#0"},"south":{"uv":[0,0,14,1],"texture":"#0"},"west":{"uv":[0,0,14,1],"texture":"#0"},"up":{"uv":[0,0,14,1],"texture":"#0"},"down":{"uv":[0,0,14,1],"texture":"#0"}}},{"from":[0,0,1],"to":[1,1,15],"faces":{"north":{"uv":[0,0,14,1],"texture":"#0"},"east":{"uv":[0,0,14,1],"texture":"#0"},"south":{"uv":[0,0,14,1],"texture":"#0"},"west":{"uv":[0,0,14,1],"texture":"#0"},"up":{"uv":[0,0,14,1],"texture":"#0"},"down":{"uv":[0,0,14,1],"texture":"#0"}}},{"from":[1,0,0],"to":[15,1,1],"faces":{"north":{"uv":[0,0,14,1],"texture":"#0"},"east":{"uv":[0,0,14,1],"texture":"#0"},"south":{"uv":[0,0,14,1],"texture":"#0"},"west":{"uv":[0,0,14,1],"texture":"#0"},"up":{"uv":[0,0,14,1],"texture":"#0"},"down":{"uv":[0,0,14,1],"texture":"#0"}}},{"from":[1,11,0],"to":[15,12,1],"faces":{"north":{"uv":[0,0,14,1],"texture":"#0"},"east":{"uv":[0,0,14,1],"texture":"#0"},"south":{"uv":[0,0,14,1],"texture":"#0"},"west":{"uv":[0,0,14,1],"texture":"#0"},"up":{"uv":[0,0,14,1],"texture":"#0"},"down":{"uv":[0,0,14,1],"texture":"#0"}}},{"from":[15,11,1],"to":[16,12,15],"faces":{"north":{"uv":[0,0,14,1],"texture":"#0"},"east":{"uv":[0,0,14,1],"texture":"#0"},"south":{"uv":[0,0,14,1],"texture":"#0"},"west":{"uv":[0,0,14,1],"texture":"#0"},"up":{"uv":[0,0,14,1],"texture":"#0"},"down":{"uv":[0,0,14,1],"texture":"#0"}}},{"from":[1,11,15],"to":[15,12,16],"faces":{"north":{"uv":[0,0,14,1],"texture":"#0"},"east":{"uv":[0,0,14,1],"texture":"#0"},"south":{"uv":[0,0,14,1],"texture":"#0"},"west":{"uv":[0,0,14,1],"texture":"#0"},"up":{"uv":[0,0,14,1],"texture":"#0"},"down":{"uv":[0,0,14,1],"texture":"#0"}}},{"from":[0,11,1],"to":[1,12,15],"faces":{"north":{"uv":[0,0,14,1],"texture":"#0"},"east":{"uv":[0,0,14,1],"texture":"#0"},"south":{"uv":[0,0,14,1],"texture":"#0"},"west":{"uv":[0,0,14,1],"texture":"#0"},"up":{"uv":[0,0,14,1],"texture":"#0"},"down":{"uv":[0,0,14,1],"texture":"#0"}}},{"name":"diamond","from":[4,2,4],"to":[12,10,12],"faces":{"north":{"uv":[0,0,16,16],"texture":"#1"},"east":{"uv":[0,0,16,16],"texture":"#1"},"south":{"uv":[0,0,16,16],"texture":"#1"},"west":{"uv":[0,0,16,16],"texture":"#1"},"up":{"uv":[0,0,16,16],"texture":"#1"},"down":{"uv":[0,0,16,16],"texture":"#1"}}},{"name":"ender","from":[3.9,3,5],"to":[4,9,11],"faces":{"north":{"uv":[0,1,2,16],"texture":"#2"},"east":{"uv":[0,1,2,16],"texture":"#2"},"south":{"uv":[0,1,2,16],"texture":"#2"},"west":{"uv":[2,2,15,15],"texture":"#2"},"up":{"uv":[0,1,2,16],"texture":"#2"},"down":{"uv":[0,1,2,16],"texture":"#2"}}},{"from":[1,0,1],"to":[3,2,3],"faces":{"north":{"uv":[0,0,16,16],"texture":"#3"},"east":{"uv":[0,0,16,16],"texture":"#3"},"south":{"uv":[0,0,16,16],"texture":"#3"},"west":{"uv":[0,0,16,16],"texture":"#3"},"up":{"uv":[0,0,16,16],"texture":"#3"},"down":{"uv":[0,0,16,16],"texture":"#3"}}},{"from":[1,0,13],"to":[3,2,15],"faces":{"north":{"uv":[0,0,16,16],"texture":"#3"},"east":{"uv":[0,0,16,16],"texture":"#3"},"south":{"uv":[0,0,16,16],"texture":"#3"},"west":{"uv":[0,0,16,16],"texture":"#3"},"up":{"uv":[0,0,16,16],"texture":"#3"},"down":{"uv":[0,0,16,16],"texture":"#3"}}},{"from":[13,0,13],"to":[15,2,15],"faces":{"north":{"uv":[0,0,16,16],"texture":"#3"},"east":{"uv":[0,0,16,16],"texture":"#3"},"south":{"uv":[0,0,16,16],"texture":"#3"},"west":{"uv":[0,0,16,16],"texture":"#3"},"up":{"uv":[0,0,16,16],"texture":"#3"},"down":{"uv":[0,0,16,16],"texture":"#3"}}},{"from":[13,0,1],"to":[15,2,3],"faces":{"north":{"uv":[0,0,16,16],"texture":"#3"},"east":{"uv":[0,0,16,16],"texture":"#3"},"south":{"uv":[0,0,16,16],"texture":"#3"},"west":{"uv":[0,0,16,16],"texture":"#3"},"up":{"uv":[0,0,16,16],"texture":"#3"},"down":{"uv":[0,0,16,16],"texture":"#3"}}}],"display":{"thirdperson_righthand":{"rotation":[75,-134,0],"translation":[0,3,-0.25],"scale":[0.4,0.4,0.4]},"ground":{"translation":[0,0.5,0],"scale":[0.2,0.2,0.2]},"gui":{"rotation":[18,45,0],"translation":[0,1,0],"scale":[0.7,0.7,0.7]},"head":{"rotation":[0,90,0],"translation":[0,-13.75,0],"scale":[2.3,2.3,2.3]},"fixed":{"rotation":[0,-90,0],"scale":[0.5,0.5,0.5]}},"gui_light":"front"}