{"providers":[{"type":"space","advances":{"󏿜":-36,"󏿝":-35,"󏿞":-34,"󏿟":-33,"󏿠":-32,"󏿡":-31,"󏿢":-30,"󏿣":-29,"󏿤":-28,"󏿥":-27,"󏿦":-26,"󏿧":-25,"󏿨":-24,"󏿩":-23,"󏿪":-22,"󏿫":-21,"󏿬":-20,"󏿭":-19,"󏿮":-18,"󏿯":-17,"󏿰":-16,"󏿱":-15,"󏿲":-14,"󏿳":-13,"󏿴":-12,"󏿵":-11,"󏿶":-10,"󏿷":-9,"󏿸":-8,"󏿹":-7,"󏿺":-6,"󏿻":-5,"󏿼":-4,"󏿽":-3,"󏿾":-2,"󏿿":-1,"󐀀":0,"󐀁":1,"󐀂":2,"󐀃":3,"󐀄":4,"󐀅":5,"󐀆":6,"󐀇":7,"󐀈":8,"󐀉":9,"󐀊":10,"󐀋":11,"󐀌":12,"󐀍":13,"󐀎":14,"󐀏":15,"󐀐":16,"󐀑":17,"󐀒":18,"󐀓":19,"󐀔":20,"󐀕":21,"󐀖":22,"󐀗":23,"󐀘":24,"󐀙":25,"󐀚":26,"󐀛":27,"󐀜":28,"󐀝":29,"󐀞":30,"󐀟":31,"󐀠":32,"󐀡":33,"󐀢":34,"󐀣":35,"󐀤":36}},{"type":"bitmap","file":"betterhud:compass_image_default_compass_n_1.png","ascent":-8425491,"height":11,"chars":["󀀀"]},{"type":"bitmap","file":"betterhud:compass_image_default_compass_n_2.png","ascent":-8425491,"height":11,"chars":["󀀁"]},{"type":"bitmap","file":"betterhud:compass_image_default_compass_n_3.png","ascent":-8425491,"height":10,"chars":["󀀂"]},{"type":"bitmap","file":"betterhud:compass_image_default_compass_n_4.png","ascent":-8425491,"height":10,"chars":["󀀃"]},{"type":"bitmap","file":"betterhud:compass_image_default_compass_n_5.png","ascent":-8425492,"height":9,"chars":["󀀄"]},{"type":"bitmap","file":"betterhud:compass_image_default_compass_n_6.png","ascent":-8425492,"height":8,"chars":["󀀅"]},{"type":"bitmap","file":"betterhud:compass_image_default_compass_n_7.png","ascent":-8425492,"height":8,"chars":["󀀆"]},{"type":"bitmap","file":"betterhud:compass_image_default_compass_n_8.png","ascent":-8425493,"height":7,"chars":["󀀇"]},{"type":"bitmap","file":"betterhud:compass_image_default_compass_n_9.png","ascent":-8425493,"height":7,"chars":["󀀈"]},{"type":"bitmap","file":"betterhud:compass_image_default_compass_n_10.png","ascent":-8425493,"height":6,"chars":["󀀉"]},{"type":"bitmap","file":"betterhud:compass_image_default_compass_e_1.png","ascent":-8425491,"height":11,"chars":["󀀊"]},{"type":"bitmap","file":"betterhud:compass_image_default_compass_e_2.png","ascent":-8425491,"height":11,"chars":["󀀋"]},{"type":"bitmap","file":"betterhud:compass_image_default_compass_e_3.png","ascent":-8425491,"height":10,"chars":["󀀌"]},{"type":"bitmap","file":"betterhud:compass_image_default_compass_e_4.png","ascent":-8425491,"height":10,"chars":["󀀍"]},{"type":"bitmap","file":"betterhud:compass_image_default_compass_e_5.png","ascent":-8425492,"height":9,"chars":["󀀎"]},{"type":"bitmap","file":"betterhud:compass_image_default_compass_e_6.png","ascent":-8425492,"height":8,"chars":["󀀏"]},{"type":"bitmap","file":"betterhud:compass_image_default_compass_e_7.png","ascent":-8425492,"height":8,"chars":["󀀐"]},{"type":"bitmap","file":"betterhud:compass_image_default_compass_e_8.png","ascent":-8425493,"height":7,"chars":["󀀑"]},{"type":"bitmap","file":"betterhud:compass_image_default_compass_e_9.png","ascent":-8425493,"height":7,"chars":["󀀒"]},{"type":"bitmap","file":"betterhud:compass_image_default_compass_e_10.png","ascent":-8425493,"height":6,"chars":["󀀓"]},{"type":"bitmap","file":"betterhud:compass_image_default_compass_s_1.png","ascent":-8425491,"height":11,"chars":["󀀔"]},{"type":"bitmap","file":"betterhud:compass_image_default_compass_s_2.png","ascent":-8425491,"height":11,"chars":["󀀕"]},{"type":"bitmap","file":"betterhud:compass_image_default_compass_s_3.png","ascent":-8425491,"height":10,"chars":["󀀖"]},{"type":"bitmap","file":"betterhud:compass_image_default_compass_s_4.png","ascent":-8425491,"height":10,"chars":["󀀗"]},{"type":"bitmap","file":"betterhud:compass_image_default_compass_s_5.png","ascent":-8425492,"height":9,"chars":["󀀘"]},{"type":"bitmap","file":"betterhud:compass_image_default_compass_s_6.png","ascent":-8425492,"height":8,"chars":["󀀙"]},{"type":"bitmap","file":"betterhud:compass_image_default_compass_s_7.png","ascent":-8425492,"height":8,"chars":["󀀚"]},{"type":"bitmap","file":"betterhud:compass_image_default_compass_s_8.png","ascent":-8425493,"height":7,"chars":["󀀛"]},{"type":"bitmap","file":"betterhud:compass_image_default_compass_s_9.png","ascent":-8425493,"height":7,"chars":["󀀜"]},{"type":"bitmap","file":"betterhud:compass_image_default_compass_s_10.png","ascent":-8425493,"height":6,"chars":["󀀝"]},{"type":"bitmap","file":"betterhud:compass_image_default_compass_w_1.png","ascent":-8425491,"height":9,"chars":["󀀞"]},{"type":"bitmap","file":"betterhud:compass_image_default_compass_w_2.png","ascent":-8425491,"height":9,"chars":["󀀟"]},{"type":"bitmap","file":"betterhud:compass_image_default_compass_w_3.png","ascent":-8425491,"height":8,"chars":["󀀠"]},{"type":"bitmap","file":"betterhud:compass_image_default_compass_w_4.png","ascent":-8425491,"height":8,"chars":["󀀡"]},{"type":"bitmap","file":"betterhud:compass_image_default_compass_w_5.png","ascent":-8425492,"height":7,"chars":["󀀢"]},{"type":"bitmap","file":"betterhud:compass_image_default_compass_w_6.png","ascent":-8425492,"height":7,"chars":["󀀣"]},{"type":"bitmap","file":"betterhud:compass_image_default_compass_w_7.png","ascent":-8425492,"height":6,"chars":["󀀤"]},{"type":"bitmap","file":"betterhud:compass_image_default_compass_w_8.png","ascent":-8425492,"height":6,"chars":["󀀥"]},{"type":"bitmap","file":"betterhud:compass_image_default_compass_w_9.png","ascent":-8425493,"height":5,"chars":["󀀦"]},{"type":"bitmap","file":"betterhud:compass_image_default_compass_w_10.png","ascent":-8425493,"height":5,"chars":["󀀧"]},{"type":"bitmap","file":"betterhud:compass_image_default_compass_nw_1.png","ascent":-8425493,"height":6,"chars":["󀀨"]},{"type":"bitmap","file":"betterhud:compass_image_default_compass_nw_2.png","ascent":-8425493,"height":6,"chars":["󀀩"]},{"type":"bitmap","file":"betterhud:compass_image_default_compass_nw_3.png","ascent":-8425493,"height":5,"chars":["󀀪"]},{"type":"bitmap","file":"betterhud:compass_image_default_compass_nw_4.png","ascent":-8425493,"height":5,"chars":["󀀫"]},{"type":"bitmap","file":"betterhud:compass_image_default_compass_nw_5.png","ascent":-8425493,"height":5,"chars":["󀀬"]},{"type":"bitmap","file":"betterhud:compass_image_default_compass_nw_6.png","ascent":-8425493,"height":5,"chars":["󀀭"]},{"type":"bitmap","file":"betterhud:compass_image_default_compass_nw_7.png","ascent":-8425494,"height":4,"chars":["󀀮"]},{"type":"bitmap","file":"betterhud:compass_image_default_compass_nw_8.png","ascent":-8425494,"height":4,"chars":["󀀯"]},{"type":"bitmap","file":"betterhud:compass_image_default_compass_nw_9.png","ascent":-8425494,"height":4,"chars":["󀀰"]},{"type":"bitmap","file":"betterhud:compass_image_default_compass_nw_10.png","ascent":-8425494,"height":3,"chars":["󀀱"]},{"type":"bitmap","file":"betterhud:compass_image_default_compass_ne_1.png","ascent":-8425493,"height":6,"chars":["󀀲"]},{"type":"bitmap","file":"betterhud:compass_image_default_compass_ne_2.png","ascent":-8425493,"height":6,"chars":["󀀳"]},{"type":"bitmap","file":"betterhud:compass_image_default_compass_ne_3.png","ascent":-8425493,"height":5,"chars":["󀀴"]},{"type":"bitmap","file":"betterhud:compass_image_default_compass_ne_4.png","ascent":-8425493,"height":5,"chars":["󀀵"]},{"type":"bitmap","file":"betterhud:compass_image_default_compass_ne_5.png","ascent":-8425493,"height":5,"chars":["󀀶"]},{"type":"bitmap","file":"betterhud:compass_image_default_compass_ne_6.png","ascent":-8425493,"height":5,"chars":["󀀷"]},{"type":"bitmap","file":"betterhud:compass_image_default_compass_ne_7.png","ascent":-8425494,"height":4,"chars":["󀀸"]},{"type":"bitmap","file":"betterhud:compass_image_default_compass_ne_8.png","ascent":-8425494,"height":4,"chars":["󀀹"]},{"type":"bitmap","file":"betterhud:compass_image_default_compass_ne_9.png","ascent":-8425494,"height":4,"chars":["󀀺"]},{"type":"bitmap","file":"betterhud:compass_image_default_compass_ne_10.png","ascent":-8425494,"height":3,"chars":["󀀻"]},{"type":"bitmap","file":"betterhud:compass_image_default_compass_sw_1.png","ascent":-8425493,"height":6,"chars":["󀀼"]},{"type":"bitmap","file":"betterhud:compass_image_default_compass_sw_2.png","ascent":-8425493,"height":6,"chars":["󀀽"]},{"type":"bitmap","file":"betterhud:compass_image_default_compass_sw_3.png","ascent":-8425493,"height":5,"chars":["󀀾"]},{"type":"bitmap","file":"betterhud:compass_image_default_compass_sw_4.png","ascent":-8425493,"height":5,"chars":["󀀿"]},{"type":"bitmap","file":"betterhud:compass_image_default_compass_sw_5.png","ascent":-8425493,"height":5,"chars":["󀁀"]},{"type":"bitmap","file":"betterhud:compass_image_default_compass_sw_6.png","ascent":-8425493,"height":5,"chars":["󀁁"]},{"type":"bitmap","file":"betterhud:compass_image_default_compass_sw_7.png","ascent":-8425494,"height":4,"chars":["󀁂"]},{"type":"bitmap","file":"betterhud:compass_image_default_compass_sw_8.png","ascent":-8425494,"height":4,"chars":["󀁃"]},{"type":"bitmap","file":"betterhud:compass_image_default_compass_sw_9.png","ascent":-8425494,"height":4,"chars":["󀁄"]},{"type":"bitmap","file":"betterhud:compass_image_default_compass_sw_10.png","ascent":-8425494,"height":3,"chars":["󀁅"]},{"type":"bitmap","file":"betterhud:compass_image_default_compass_se_1.png","ascent":-8425493,"height":6,"chars":["󀁆"]},{"type":"bitmap","file":"betterhud:compass_image_default_compass_se_2.png","ascent":-8425493,"height":6,"chars":["󀁇"]},{"type":"bitmap","file":"betterhud:compass_image_default_compass_se_3.png","ascent":-8425493,"height":5,"chars":["󀁈"]},{"type":"bitmap","file":"betterhud:compass_image_default_compass_se_4.png","ascent":-8425493,"height":5,"chars":["󀁉"]},{"type":"bitmap","file":"betterhud:compass_image_default_compass_se_5.png","ascent":-8425493,"height":5,"chars":["󀁊"]},{"type":"bitmap","file":"betterhud:compass_image_default_compass_se_6.png","ascent":-8425493,"height":5,"chars":["󀁋"]},{"type":"bitmap","file":"betterhud:compass_image_default_compass_se_7.png","ascent":-8425494,"height":4,"chars":["󀁌"]},{"type":"bitmap","file":"betterhud:compass_image_default_compass_se_8.png","ascent":-8425494,"height":4,"chars":["󀁍"]},{"type":"bitmap","file":"betterhud:compass_image_default_compass_se_9.png","ascent":-8425494,"height":4,"chars":["󀁎"]},{"type":"bitmap","file":"betterhud:compass_image_default_compass_se_10.png","ascent":-8425494,"height":3,"chars":["󀁏"]},{"type":"bitmap","file":"betterhud:compass_image_default_compass_chain_1.png","ascent":-8425491,"height":11,"chars":["󀁐"]},{"type":"bitmap","file":"betterhud:compass_image_default_compass_chain_2.png","ascent":-8425491,"height":10,"chars":["󀁑"]},{"type":"bitmap","file":"betterhud:compass_image_default_compass_chain_3.png","ascent":-8425492,"height":9,"chars":["󀁒"]},{"type":"bitmap","file":"betterhud:compass_image_default_compass_chain_4.png","ascent":-8425492,"height":9,"chars":["󀁓"]},{"type":"bitmap","file":"betterhud:compass_image_default_compass_chain_5.png","ascent":-8425492,"height":8,"chars":["󀁔"]},{"type":"bitmap","file":"betterhud:compass_image_default_compass_chain_6.png","ascent":-8425492,"height":8,"chars":["󀁕"]},{"type":"bitmap","file":"betterhud:compass_image_default_compass_chain_7.png","ascent":-8425493,"height":7,"chars":["󀁖"]},{"type":"bitmap","file":"betterhud:compass_image_default_compass_chain_8.png","ascent":-8425493,"height":7,"chars":["󀁗"]},{"type":"bitmap","file":"betterhud:compass_image_default_compass_chain_9.png","ascent":-8425493,"height":6,"chars":["󀁘"]},{"type":"bitmap","file":"betterhud:compass_image_default_compass_chain_10.png","ascent":-8425493,"height":6,"chars":["󀁙"]},{"type":"bitmap","file":"betterhud:compass_image_default_compass_point_1.png","ascent":-8425483,"height":11,"chars":["󀁚"]},{"type":"bitmap","file":"betterhud:compass_image_default_compass_point_2.png","ascent":-8425483,"height":10,"chars":["󀁛"]},{"type":"bitmap","file":"betterhud:compass_image_default_compass_point_3.png","ascent":-8425484,"height":9,"chars":["󀁜"]},{"type":"bitmap","file":"betterhud:compass_image_default_compass_point_4.png","ascent":-8425484,"height":9,"chars":["󀁝"]},{"type":"bitmap","file":"betterhud:compass_image_default_compass_point_5.png","ascent":-8425484,"height":8,"chars":["󀁞"]},{"type":"bitmap","file":"betterhud:compass_image_default_compass_point_6.png","ascent":-8425484,"height":8,"chars":["󀁟"]},{"type":"bitmap","file":"betterhud:compass_image_default_compass_point_7.png","ascent":-8425485,"height":7,"chars":["󀁠"]},{"type":"bitmap","file":"betterhud:compass_image_default_compass_point_8.png","ascent":-8425485,"height":7,"chars":["󀁡"]},{"type":"bitmap","file":"betterhud:compass_image_default_compass_point_9.png","ascent":-8425485,"height":6,"chars":["󀁢"]},{"type":"bitmap","file":"betterhud:compass_image_default_compass_point_10.png","ascent":-8425485,"height":6,"chars":["󀁣"]}]}