{"providers":[{"type":"space","advances":{" ":4}},{"type":"bitmap","file":"betterhud:text_font2_1.png","ascent":-8417335,"height":8,"chars":["!',.:;i|¡¦·ǀǃʻˌ˙",";·і׃ויןᛁᛌᛧ᛬ᴉ⁏ⁱ⏽⸵","⹁יִ𐌱𐌳𐌵𐌷𐌹𐌻𐌽𐌿𐍁𐍃𐍅𐍇𐍉🌊"]},{"type":"bitmap","file":"betterhud:text_font2_2.png","ascent":-8417335,"height":8,"chars":["🌧"]},{"type":"bitmap","file":"betterhud:text_font2_3.png","ascent":-8417332,"height":12,"chars":["ıị"]},{"type":"bitmap","file":"betterhud:text_font2_4.png","ascent":-8417335,"height":8,"chars":["`l´ɭιՙ՚՛՝լ׳᛫ᛵ‘’‚"]},{"type":"bitmap","file":"betterhud:text_font2_5.png","ascent":-8417335,"height":8,"chars":["•′‵⁽⁾₍₎∙│ꞁꞩוֹ"]},{"type":"bitmap","file":"betterhud:text_font2_6.png","ascent":-8417332,"height":12,"chars":["ìíįĺļɩ̧ίᶅᶖḷἰἱί"]},{"type":"bitmap","file":"betterhud:text_font2_7.png","ascent":-8417335,"height":8,"chars":["\"()*I[]t{}¨­¹ſƚǁ","ȴɨɪʇʈΙІӀ՜՞׆זנװױײ","჻ჼᚨᚭᚮᚲᚽᚿᛂᛆᛊᛍᛐᛓᛙᛚ","‐‑‹›‼⁎⁑⁒⁺⁻⁼₁₊₋₌₥"]},{"type":"bitmap","file":"betterhud:text_font2_8.png","ascent":-8417335,"height":8,"chars":["∥⋆⏴⏵⏸◘◦♀♩♭♮ײַוּ🛡"]},{"type":"bitmap","file":"betterhud:text_font2_9.png","ascent":-8417332,"height":12,"chars":["ÌÍÎÏîïĪīĮİľŀţŧƖƗ","ƫƭǏǐțΪϊЇїḮḯḹḻḽṫṭ"]},{"type":"bitmap","file":"betterhud:text_font2_10.png","ascent":-8417332,"height":12,"chars":["ṯṱẗẛỈỉỊὶῑῒΐῙ"]},{"type":"bitmap","file":"betterhud:text_font2_11.png","ascent":-8417335,"height":8,"chars":["¸"]},{"type":"bitmap","file":"betterhud:text_font2_12.png","ascent":-8417335,"height":8,"chars":["<>fkª°²³ºĳĸȶɟɬʞκ","гкԼՒէւג״ჯᚠᚦᚧᚩᚪᚫᚱ","ᚳᚴᚹᛈᛑᛒᛔᛕᛛᛩᛴẜẝỽ“”","„″‶⁊⁰⁴⁵⁶⁷⁸⁹ⁿ₀₂₃₄","₅₆₇₈₉∁⌠⌡▌▐●ꝛꞨכּ𐌰𐌲"]},{"type":"bitmap","file":"betterhud:text_font2_13.png","ascent":-8417335,"height":8,"chars":["𐌴𐌶𐌸𐌺𐌼𐌾𐍀𐍂𐍄𐍆𐍈𐍊🔥🪓"]},{"type":"bitmap","file":"betterhud:text_font2_14.png","ascent":-8417332,"height":12,"chars":["ĨĩĬĭķłťƙǩȊȋѓќҕӄӷ"]},{"type":"bitmap","file":"betterhud:text_font2_15.png","ascent":-8417332,"height":12,"chars":["ᚡᚵᶂḟḬḭḱḳḵἶἷῐῖῗῘ"]},{"type":"bitmap","file":"betterhud:text_font2_16.png","ascent":-8417335,"height":8,"chars":["#$%&+-/012345678","9=?ABCDEFGHJKLMN","OPQRSTUVWXYZ\\^_a","bcdeghjmnopqrsuv","wxyz¢£¥§¬¯±µ¿×ØÞ","ßð÷øþĲƆƎƏƐƒƛƞƟƧƨ","ƩƪƲƷƸƹƻƼƽƾƿǂǝǷȜȝ","ȠȤȥȺȻȼȾɁɂɅɆɐɑɒɓɔ","ɕɘəɛɜɞɡɢɤɥɦɧɫɮɯɰ","ɱɴɵɸɹɺɼɾɿʀʁʅʊʋʌʍ","ʎʏʑʒʓʔʕʖʗʘʙʚʜʝʟʡ","ʢʬΑΒΓΔΕΖΗΘΚΛΜΝΞΟ","ΠΡΣΤΥΦΧΨΩαβγδεζη","θλμνξοπρςτυφχψϛЄ","ЅЈАБВГЕЗИКЛМНОПР","СТУХЧЬЭЯабвежзил"]},{"type":"bitmap","file":"betterhud:text_font2_17.png","ascent":-8417335,"height":8,"chars":["мнопрстуфхцчшьэя","єѕјѲѳғқҮүҰұҺһӘәӨ","өԀԱԲԵԶԷԸԻԾԿՀՁՃՅՆ","ՇՈՉՊՋՍՎՏՐՑՓՔՕՖ՟ՠ","աբեըթիծկհձճյշոչպ","ջռսրցօֆ֊֏־אבדהחט","ךכלםמסעףפץצקרשת߈","ႠႣႤႨႩႬႱႲႴႵႶႷႸႹႺႼ","ႽႾႿჁჂჃჄჇჍაბგდევზ","თიკმნოპჟრსტუფქღყ","შჩცძწჭხჰჲჳჴჵჶჷჸჹ","ჺჽჾჿᗡᗺᘔᚢᚣᚤᚥᚬᚯᚰᚶᚷ","ᚸᚺᚻᚼᚾᛀᛄᛅᛇᛉᛋᛎᛏᛖᛗᛘ","ᛜᛝᛞᛟᛡᛣᛤᛥᛦᛨ᛭ᛮᛯᛰᛱᛲ","ᛶᛷᛸᴀᴄᴅᴇᴊᴋᴍᴏᴘᴚᴛᴜᴠ","ᴡᴢᵷẞẟỼỾ†‡‽₡₮₰₲₵₶"]},{"type":"bitmap","file":"betterhud:text_font2_18.png","ascent":-8417335,"height":8,"chars":["₸₹₼₿Ⅎ⅁⅄⅋⅐⅑⅕⅖⅗⅙⅚⅟","↉↑↓∂∃∄∈∉∋∌∑−∓∧∨∩","∫∮∴∵≠≤≥⊂⊃⊄⊅⊆⊇⊢⊤⊥","⊨⊻⊼⊽⋃⏏⏶⏷⏹⏺┌┐└┘├┤","║╒╕╘╛╞╡■□▲△▼▽◆◇○","☰☱☲☳☴☵☶☷☹☺♂♠♡♢♣♤","♥♦♧♪♯⚗⚡⚥❣⟘⥝ⱦⱯⴀⴃⴄ","ⴅⴇⴈⴉⴊⴋⴌⴍⴐⴑⴒⴓⴔⴕⴖⴗ","ⴘⴙⴚⴛⴜⴞⴟⴠⴡⴢⴣⴤⴥ⸘⸮⸸","⹋〒ㄥꜦꜧꜰꜱꝚꝹꞀꞯꞰﬁﬅשׂבּ"]},{"type":"bitmap","file":"betterhud:text_font2_19.png","ascent":-8417335,"height":8,"chars":["פּתּבֿפֿ＋🎣🏹🔱🗡🧪"]},{"type":"bitmap","file":"betterhud:text_font2_20.png","ascent":-8417332,"height":12,"chars":["ÀÁÂÃÄÅÇÈÉÊËÑÒÓÔÕ","ÖÙÚÛÜÝàáâãäåçèéê","ëñòóôõöùúûüýÿĀāĂ","ăĄąĆćĈĉĊċČčĎĒēĔĕ","ĖėĘęĚěĜĝĞğĠġĢģĤĥ","ĴĵĶĹĻĽĿŃńŅņŇňŊŋŌ","ōŎŏŐőŔŕŖŗŘřŚśŜŝŞ","şŠšŢŤŦŨũŪūŬŭŮůŰű","ŲųŴŵŶŷŸŹźŻżŽžƂƃƋ","ƌƍƔƘƜƥƦƮƱƵƶƺǍǎǑǒ","ǓǔǕǖǗǘǙǚǛǜǞǟǠǡǦǧ","ǨǪǫǬǭǮǯǰǴǵǸǹǺǻǾǿ","ȀȁȂȃȄȅȆȇȈȉȌȍȎȏȐȑ","ȒȓȔȕȖȗȘșȚȞȟȢȣȦȧȨ","ȩȪȫȬȭȮȯȰȱȲȳȷȿɀɣɽ","ʂʃʭΊΐΫάέήΰϋόύЀЁЃ"]},{"type":"bitmap","file":"betterhud:text_font2_21.png","ascent":-8417332,"height":12,"chars":["ЌЍЎЏЙйѐёѝўџҎҏҐґҔ","ҘҙҜҝҟҡҪҫҬҭҸҹӂӃӇӈ","ӋӌӐӑӒӓӖӗӚӛӝӞӟӠӡӢ","ӣӤӥӦӧӪӫӬӭӮӯӰӱӲӳӴ","ӵӶӻӼӽӾӿԌԍԐԑԒԓԚԛԜ","ԝԞԟᵮᵵᵶᶀᶄᶈᶉᶊᶋᶌᶔᶘᶚ","ḀḁḂḃḄḅḆḇḈḉḊḋḌḍḎḏ","ḐḑḒḓḔḕḖḗḘḙḚḛḜḝḞḠ","ḡḢḣḤḥḦḧḨḩḪḫḰḲḴḶḸ","ḺḼḾḿṀṁṂṃṄṅṆṇṈṉṊṋ","ṌṍṎṏṐṑṒṓṔṕṖṗṘṙṚṛ","ṜṝṞṟṠṡṢṣṤṥṦṧṨṩṪṬ","ṮṰṲṳṴṵṶṷṸṹṺṻṼṽṾṿ","ẀẁẂẃẄẅẆẇẈẉẊẋẌẍẎẏ","ẐẑẒẓẔẕẖẘẙẚẠạẢảẤấ","ẦầẨẩẪẫẬậẮắẰằẲẳẴẵ"]},{"type":"bitmap","file":"betterhud:text_font2_22.png","ascent":-8417332,"height":12,"chars":["ẶặẸẹẺẻẼẽẾếỀềỂểỄễ","ỆệỌọỎỏỐốỒồỔổỖỗỘộ","ỤụỦủỲỳỴỵỶỷỸỹἀἁἂἃ","ἄἅἆἇἐἑἒἓἔἕἠἡἢἣἤἥ","ἦἧἲἳἴἵὀὁὂὃὄὅὐὑὒὓ","ὔὕὖὗὰάὲέὴήὸόὺύᾀᾁ","ᾂᾃᾄᾅᾆᾇᾐᾑᾒᾓᾔᾕᾖᾗᾰᾱ","ᾲᾳᾴᾶᾷᾸᾹᾼῂῃῄῆῇῌῠῡ","ῢΰῤῥῦῧῨῩῼⱾⱿꚂꚃꚆꚇꚌ","ꚍꚏꚐꚑꚔꚕꜾꜿꝠꝡꞔꟄꭐꭑאַאָ"]},{"type":"bitmap","file":"betterhud:text_font2_23.png","ascent":-8417335,"height":8,"chars":["@~«¶»ƄƅƉƑȽɃɇɈɉɊɋ","ɌɍɖɗɠɲɳɻʄʆʛʠσЊЋД","ЦЪдщъыњѢѣѴѵҒҗҚҢң","ԳԴԹԺԽՂՄՌգդզժխղմն","վքևֈႫႯჱᛃᶑỿ–‴‷⁋₠₢","₣₤₫€₭₺₽₾⇵√∝≈≡≢⏩⏪","⏯⏳╓╔╙╚╟╠▶▷◀◁⚑⛄✂✔","✘❌⯪⯫ⱥⱭⴁⴂⴆⴎⴏⴝꜩﬂ🍖🔔"]},{"type":"bitmap","file":"betterhud:text_font2_24.png","ascent":-8417335,"height":8,"chars":["🪣"]},{"type":"bitmap","file":"betterhud:text_font2_25.png","ascent":-8417332,"height":12,"chars":["ÐĐđħŁƀƇƈƓƝƬƳǤǥʐʮ","ϔђћѶѷҊҋҌҍҞҠҤҥҨҩҲ","ҳҵҶҷӅӆӉӊӍӎӹӺԆԇԎԏ","ԤԥԦԧԨԩԬԭԮԯᶁᶃᶆᶇᶍᶎ","ᶏᶐᶒᶓᶕᶗᶙỻἸἾἿῚΊꚀꚁꚈ"]},{"type":"bitmap","file":"betterhud:text_font2_26.png","ascent":-8417332,"height":12,"chars":["ꚉꚊꚋꚎꚒꚓꚗꞕꟆ"]},{"type":"bitmap","file":"betterhud:text_font2_27.png","ascent":-8417335,"height":8,"chars":["¤©®¼½¾ƁǉȡȵɄɎɏɚɝɷ","ʉωЂЉЖФШЫЮюљտփႡႢႥ","ႦႧႪႭႮႰႳႻჀჅლᛠᛢᛪᛳ…","‰※⁂⁈⁉₦₩₪₱₳₴₷₻℗←→","⇄∀∅∛∜∞≔⌀⌂⌘⌚⌛⏭⏮⏻⏼","╖╗╜╝╢╣░◎☂☃☄★☆☈☔☠","☻♫♬⚀⚁⚂⚃⚄⚅⚐⚓⚔⛨✉✎❄"]},{"type":"bitmap","file":"betterhud:text_font2_28.png","ascent":-8417335,"height":8,"chars":["❤⧈⭐⭘ⱱꜨﬀ�"]},{"type":"bitmap","file":"betterhud:text_font2_29.png","ascent":-8417332,"height":12,"chars":["ďĦŉƊƠơƢƣƤƯưƴʧʪʫʯ","ΆΈΉΌΎΏώҴҼҽҾҿӁӜӸԄ","ԅᵬᵭᵯᵰᵱᵲᵳᵴỚớỜờỞởỠ","ỡỢợỨứỪừỬửỮữỰựỺἻἽ","ὠὡὢὣὤὥὦὧὼώᾠᾡᾢᾣᾤᾥ"]},{"type":"bitmap","file":"betterhud:text_font2_30.png","ascent":-8417332,"height":12,"chars":["ᾦᾧῲῳῴῶῷⱢ"]},{"type":"bitmap","file":"betterhud:text_font2_31.png","ascent":-8417335,"height":8,"chars":["ЩҖ—‱⁗™⅓⅔⅛⅜⅝⅞↔⇏⇒⇔","─┬┴┼═╤╥╦╧╨╩╪╫╬▀▄"]},{"type":"bitmap","file":"betterhud:text_font2_32.png","ascent":-8417335,"height":8,"chars":["█▒▓☀☁☽⛈⛏ꜹꜻﬃ"]},{"type":"bitmap","file":"betterhud:text_font2_33.png","ascent":-8417332,"height":12,"chars":["ƕǶʦʨҦҧԂԃԈԉԊԋԔԕԖԗ","ԠԡԢԣᵺἈἉἎἏἘἙἨἩἮἯἺ","ἼὈὉὙὟὨὩὮᾈᾉᾎᾏᾘᾙᾞᾟ","ᾨᾩᾮᾺΆῈΈῊΉῪΎῬῸΌῺΏ"]},{"type":"bitmap","file":"betterhud:text_font2_34.png","ascent":-8417332,"height":12,"chars":["ꚅꚖꜽ"]},{"type":"bitmap","file":"betterhud:text_font2_35.png","ascent":-8417332,"height":12,"chars":["ÆæŒœǄǅǆǇǈǊǋǌǢǣǱǲ","ǳǼǽȸȹɶʣʤʥʩϓӔӕԘԙԪ","ԫᴂᴔᵫἊἋἌἍἚἛἜἝἪἫἬἭ","ἹὊὋὌὍὛὝὪὫὬὭὯᾊᾋᾌᾍ","ᾚᾛᾜᾝᾪᾫᾬᾭᾯ⁇₧₨₯№ℹ⅒","⅘①②③④⑤⑥⑦⑧⑨⑩⑪⑫⑬⑭⑮","⑯⑰⑱⑲⑳ⒶⒷⒸⒹⒺⒻⒼⒽⒾⒿⓀ","ⓁⓂⓃⓄⓅⓆⓇⓈⓉⓊⓋⓌⓍⓎⓏⓐ","ⓑⓒⓓⓔⓕⓖⓗⓘⓙⓚⓛⓜⓝⓞⓟⓠ","ⓡⓢⓣⓤⓥⓦⓧⓨⓩ⓪☐☑☒☜☞☮","☯⚠ꚄꜲꜳꜴꜵꜶꜷꜸꜺꜼꝎꝏꭣﬄ"]},{"type":"bitmap","file":"betterhud:text_font2_36.png","ascent":-8417332,"height":12,"chars":["ﬆﬓﬔﬕﬖﬗ"]}]}