{"sources":[{"type":"single","resource":"inkless:sillysets/silly_red_leggings"},{"type":"single","resource":"rpgarmory:maces/mace14"},{"type":"single","resource":"rpgarmory:bows/bow26_2"},{"type":"single","resource":"rpgarmory:maces/mace15"},{"type":"single","resource":"rpgarmory:bows/bow5_0"},{"type":"single","resource":"rpgarmory:bows/bow26_1"},{"type":"single","resource":"rpgarmory:maces/mace12"},{"type":"single","resource":"rpgarmory:bows/bow26_0"},{"type":"single","resource":"rpgarmory:maces/mace13"},{"type":"single","resource":"inkless:sillysets/silly_blue_crossbow_1"},{"type":"single","resource":"rpgarmory:bows/bow5_2"},{"type":"single","resource":"rpgarmory:maces/mace18"},{"type":"single","resource":"inkless:sillysets/silly_blue_crossbow_0"},{"type":"single","resource":"rpgarmory:bows/bow5_1"},{"type":"single","resource":"rpgarmory:maces/mace19"},{"type":"single","resource":"rpgarmory:maces/mace16"},{"type":"single","resource":"rpgarmory:maces/mace17"},{"type":"single","resource":"inkless:sillysets/silly_blue_crossbow_2"},{"type":"single","resource":"rpgarmory:maces/mace21"},{"type":"single","resource":"inkless:sillysets/silly_red_chestplate"},{"type":"single","resource":"rpgarmory:maces/mace22"},{"type":"single","resource":"rpgarmory:maces/mace20"},{"type":"single","resource":"iawearables:back/red_backpack"},{"type":"single","resource":"iafestivities:halloween/pumpkin"},{"type":"single","resource":"inkless:sillysets/silly_green_pickaxe"},{"type":"single","resource":"rpgarmory:maces/mace25"},{"type":"single","resource":"rpgarmory:bows/bow15_2"},{"type":"single","resource":"rpgarmory:maces/mace26"},{"type":"single","resource":"rpgarmory:bows/bow15_1"},{"type":"single","resource":"rpgarmory:maces/mace23"},{"type":"single","resource":"rpgarmory:bows/bow15_0"},{"type":"single","resource":"rpgarmory:maces/mace24"},{"type":"single","resource":"rpgarmory:maces/mace27"},{"type":"single","resource":"inkless:sillysets/silly_blue_bow_2"},{"type":"single","resource":"inkless:sillysets/silly_blue_bow_0"},{"type":"single","resource":"inkless:sillysets/silly_blue_bow_1"},{"type":"single","resource":"iawearables:hat/glasses"},{"type":"single","resource":"inkless:sillysets/silly_green_boots"},{"type":"single","resource":"inkless:sillysets/silly_green_axe"},{"type":"single","resource":"inkless:sillysets/silly_green_helmet"},{"type":"single","resource":"iafestivities:christmas/candy"},{"type":"single","resource":"simple_crates:brown_silver_crate_block"},{"type":"single","resource":"entity/villager/profession/farmer"},{"type":"single","resource":"rpgarmory:bows/bow27_2"},{"type":"single","resource":"inkless:sillysets/silly_blue_pickaxe"},{"type":"single","resource":"rpgarmory:bows/bow27_1"},{"type":"single","resource":"rpgarmory:bows/bow27_0"},{"type":"single","resource":"rpgarmory:bows/bow6_2"},{"type":"single","resource":"rpgarmory:swords/sword18"},{"type":"single","resource":"rpgarmory:swords/sword19"},{"type":"single","resource":"rpgarmory:bows/bow6_0"},{"type":"single","resource":"rpgarmory:swords/sword16"},{"type":"single","resource":"rpgarmory:bows/bow6_1"},{"type":"single","resource":"rpgarmory:swords/sword17"},{"type":"single","resource":"rpgarmory:swords/sword25"},{"type":"single","resource":"rpgarmory:swords/sword26"},{"type":"single","resource":"rpgarmory:swords/sword23"},{"type":"single","resource":"inkless:sillysets/silly_red_rod"},{"type":"single","resource":"rpgarmory:swords/sword24"},{"type":"single","resource":"rpgarmory:swords/sword21"},{"type":"single","resource":"rpgarmory:swords/sword22"},{"type":"single","resource":"rpgarmory:swords/sword20"},{"type":"single","resource":"_iainternal:icons/icon_arrow_chest"},{"type":"single","resource":"inkless:sillysets/silly_red_bow"},{"type":"single","resource":"rpgarmory:bows/bow16_2"},{"type":"single","resource":"rpgarmory:bows/bow16_1"},{"type":"single","resource":"rpgarmory:bows/bow16_0"},{"type":"single","resource":"rpgarmory:swords/sword27"},{"type":"single","resource":"rpgarmory:axes/axe8"},{"type":"single","resource":"rpgarmory:axes/axe7"},{"type":"single","resource":"rpgarmory:axes/axe9"},{"type":"single","resource":"rpgarmory:axes/axe4"},{"type":"single","resource":"rpgarmory:axes/axe3"},{"type":"single","resource":"iawearables:back/black_backpack"},{"type":"single","resource":"rpgarmory:axes/axe6"},{"type":"single","resource":"rpgarmory:axes/axe5"},{"type":"single","resource":"rpgarmory:axes/axe2"},{"type":"single","resource":"rpgarmory:axes/axe1"},{"type":"single","resource":"rpgarmory:swords/sword1"},{"type":"single","resource":"rpgarmory:swords/sword2"},{"type":"single","resource":"rpgarmory:swords/sword9"},{"type":"single","resource":"rpgarmory:swords/sword7"},{"type":"single","resource":"rpgarmory:bows/bow24_2"},{"type":"single","resource":"rpgarmory:swords/sword8"},{"type":"single","resource":"rpgarmory:bows/bow7_1"},{"type":"single","resource":"rpgarmory:swords/sword5"},{"type":"single","resource":"rpgarmory:bows/bow7_2"},{"type":"single","resource":"rpgarmory:swords/sword6"},{"type":"single","resource":"rpgarmory:swords/sword3"},{"type":"single","resource":"rpgarmory:bows/bow7_0"},{"type":"single","resource":"rpgarmory:swords/sword4"},{"type":"single","resource":"iafestivities:halloween/bones_backpack/skull"},{"type":"single","resource":"rpgarmory:bows/bow24_1"},{"type":"single","resource":"rpgarmory:bows/bow24_0"},{"type":"single","resource":"iafestivities:halloween/pumpkin_side"},{"type":"single","resource":"rpgarmory:bows/bow13_2"},{"type":"single","resource":"rpgarmory:bows/bow13_1"},{"type":"single","resource":"rpgarmory:bows/bow13_0"},{"type":"single","resource":"inkless:sillysets/silly_blue_axe"},{"type":"single","resource":"inkless:sillysets/silly_blue_helmet"},{"type":"single","resource":"iafestivities:halloween/dark_jack_o_lantern_backpack/pumpkin_side"},{"type":"single","resource":"rpgarmory:bows/bow25_2"},{"type":"single","resource":"iawearables:back/blue_backpack"},{"type":"single","resource":"rpgarmory:bows/bow25_1"},{"type":"single","resource":"rpgarmory:bows/bow8_0"},{"type":"single","resource":"rpgarmory:bows/bow8_1"},{"type":"single","resource":"rpgarmory:bows/bow8_2"},{"type":"single","resource":"rpgarmory:bows/bow25_0"},{"type":"single","resource":"iafestivities:halloween/pumpkin_stem_connected"},{"type":"single","resource":"ax_emerald_set:axemerald_shovel"},{"type":"single","resource":"inkless:sillysets/silly_blue_rod_cast"},{"type":"single","resource":"rpgarmory:bows/bow14_2"},{"type":"single","resource":"rpgarmory:bows/bow14_1"},{"type":"single","resource":"inkless:sillysets/silly_green_shears"},{"type":"single","resource":"inkless:sillysets/silly_green_crossbow_1"},{"type":"single","resource":"inkless:sillysets/silly_green_crossbow_2"},{"type":"single","resource":"inkless:sillysets/silly_green_crossbow_0"},{"type":"single","resource":"rpgarmory:bows/bow14_0"},{"type":"single","resource":"rpgarmory:maces/mace10"},{"type":"single","resource":"inkless:sillysets/silly_blue_shears"},{"type":"single","resource":"rpgarmory:maces/mace11"},{"type":"single","resource":"simple_crates:pink_green_crate_key"},{"type":"single","resource":"iafestivities:halloween/bat_wings"},{"type":"single","resource":"rpgarmory:bows/bow1_0"},{"type":"single","resource":"iafestivities:christmas/christmas_wreath"},{"type":"single","resource":"rpgarmory:bows/bow1_2"},{"type":"single","resource":"iawearables:back/black_cat_tail"},{"type":"single","resource":"rpgarmory:bows/bow1_1"},{"type":"single","resource":"inkless:sillysets/silly_blue_chestplate"},{"type":"single","resource":"iafestivities:halloween/dark_jack_o_lantern_backpack/pumpkin_stem_connected"},{"type":"single","resource":"_iainternal:icons/icon_left_blue"},{"type":"single","resource":"inkless:sillysets/silly_red_axe"},{"type":"single","resource":"iawearables:back/turquoise_backpack"},{"type":"single","resource":"rpgarmory:bows/bow19_2"},{"type":"single","resource":"rpgarmory:bows/bow19_1"},{"type":"single","resource":"rpgarmory:bows/bow19_0"},{"type":"single","resource":"iafestivities:christmas/christmas_tree/red_orb"},{"type":"single","resource":"inkless:sillysets/silly_red_bow_1"},{"type":"single","resource":"rpgarmory:bows/bow2_1"},{"type":"single","resource":"inkless:sillysets/silly_green_leggings"},{"type":"single","resource":"inkless:sillysets/silly_red_bow_2"},{"type":"single","resource":"rpgarmory:bows/bow2_0"},{"type":"single","resource":"rpgarmory:bows/bow2_2"},{"type":"single","resource":"inkless:sillysets/silly_green_bow"},{"type":"single","resource":"inkless:sillysets/silly_green_rod"},{"type":"single","resource":"inkless:sillysets/silly_red_bow_0"},{"type":"single","resource":"inkless:sillysets/silly_green_crossbow"},{"type":"single","resource":"ax_emerald_set:axemerald_chestplate"},{"type":"single","resource":"inkless:sillysets/silly_red_sword"},{"type":"single","resource":"rpgarmory:bows/bow2"},{"type":"single","resource":"rpgarmory:bows/bow1"},{"type":"single","resource":"simple_crates:purple_light_purple_crate_key"},{"type":"single","resource":"swordpack:swords/sword5"},{"type":"single","resource":"rpgarmory:bows/bow9"},{"type":"single","resource":"swordpack:swords/sword4"},{"type":"single","resource":"rpgarmory:bows/bow8"},{"type":"single","resource":"swordpack:swords/sword7"},{"type":"single","resource":"rpgarmory:bows/bow7"},{"type":"single","resource":"swordpack:swords/sword6"},{"type":"single","resource":"rpgarmory:bows/bow6"},{"type":"single","resource":"swordpack:swords/sword1"},{"type":"single","resource":"rpgarmory:bows/bow5"},{"type":"single","resource":"rpgarmory:bows/bow4"},{"type":"single","resource":"swordpack:swords/sword3"},{"type":"single","resource":"iawearables:hat/deadmau5_hat"},{"type":"single","resource":"rpgarmory:bows/bow3"},{"type":"single","resource":"swordpack:swords/sword2"},{"type":"single","resource":"swordpack:swords/sword8"},{"type":"single","resource":"iafestivities:christmas/christmas_candle/fire"},{"type":"single","resource":"inkless:sillysets/silly_blue_bow"},{"type":"single","resource":"rpgarmory:bows/bow3_0"},{"type":"single","resource":"rpgarmory:bows/bow3_2"},{"type":"single","resource":"inkless:sillysets/silly_blue_rod"},{"type":"single","resource":"rpgarmory:bows/bow3_1"},{"type":"single","resource":"iafestivities:halloween/axe_hat"},{"type":"single","resource":"rpgarmory:axes/axe13"},{"type":"single","resource":"rpgarmory:axes/axe12"},{"type":"single","resource":"rpgarmory:axes/axe15"},{"type":"single","resource":"rpgarmory:axes/axe14"},{"type":"single","resource":"rpgarmory:axes/axe11"},{"type":"single","resource":"rpgarmory:axes/axe10"},{"type":"single","resource":"rpgarmory:axes/axe17"},{"type":"single","resource":"rpgarmory:axes/axe16"},{"type":"single","resource":"rpgarmory:axes/axe19"},{"type":"single","resource":"simple_crates:black_silver_crate_key"},{"type":"single","resource":"rpgarmory:axes/axe18"},{"type":"single","resource":"rpgarmory:bows/bow17_1"},{"type":"single","resource":"iawearables:back/demoniac_red_wings"},{"type":"single","resource":"simple_crates:black_silver_crate_block"},{"type":"single","resource":"rpgarmory:bows/bow17_0"},{"type":"single","resource":"ax_emerald_set:axemerald_pickaxe"},{"type":"single","resource":"iafestivities:halloween/spider_backpack"},{"type":"single","resource":"rpgarmory:bows/bow17_2"},{"type":"single","resource":"rpgarmory:axes/axe24"},{"type":"single","resource":"rpgarmory:axes/axe23"},{"type":"single","resource":"rpgarmory:axes/axe26"},{"type":"single","resource":"rpgarmory:axes/axe25"},{"type":"single","resource":"rpgarmory:axes/axe20"},{"type":"single","resource":"rpgarmory:axes/axe22"},{"type":"single","resource":"rpgarmory:axes/axe21"},{"type":"single","resource":"rpgarmory:bows/bow4_1"},{"type":"single","resource":"rpgarmory:bows/bow4_0"},{"type":"single","resource":"rpgarmory:bows/bow4_2"},{"type":"single","resource":"simple_crates:red_golden_crate_block"},{"type":"single","resource":"iawearables:hat/cigar"},{"type":"single","resource":"iafestivities:christmas/christmas_tree/green_orb"},{"type":"single","resource":"_iainternal:icons/icon_right_blue"},{"type":"single","resource":"rpgarmory:bows/bow18_0"},{"type":"single","resource":"rpgarmory:bows/bow18_2"},{"type":"single","resource":"rpgarmory:bows/bow18_1"},{"type":"single","resource":"iafestivities:halloween/decorative_pumpkin/fire"},{"type":"single","resource":"inkless:sillysets/silly_blue_boots"},{"type":"single","resource":"inkless:sillysets/silly_blue_crossbow_charged"},{"type":"single","resource":"inkless:sillysets/silly_green_chestplate"},{"type":"single","resource":"pickaxepack:pickaxes/pickaxe8"},{"type":"single","resource":"iawearables:hat/mining_helmet"},{"type":"single","resource":"inkless:sillysets/silly_red_crossbow_charged"},{"type":"single","resource":"inkless:sillysets/silly_red_crossbow"},{"type":"single","resource":"rpgarmory:maces/mace2"},{"type":"single","resource":"inkless:sillysets/silly_red_helmet"},{"type":"single","resource":"rpgarmory:maces/mace1"},{"type":"single","resource":"inkless:sillysets/silly_blue_hoe"},{"type":"single","resource":"rpgarmory:maces/mace6"},{"type":"single","resource":"rpgarmory:maces/mace5"},{"type":"single","resource":"rpgarmory:maces/mace4"},{"type":"single","resource":"rpgarmory:maces/mace3"},{"type":"single","resource":"rpgarmory:maces/mace9"},{"type":"single","resource":"rpgarmory:maces/mace8"},{"type":"single","resource":"rpgarmory:maces/mace7"},{"type":"single","resource":"inkless:sillysets/silly_blue_sword"},{"type":"single","resource":"_iainternal:icons/icon_next_orange"},{"type":"single","resource":"inkless:sillysets/silly_red_boots"},{"type":"single","resource":"pickaxepack:pickaxes/pickaxe3"},{"type":"single","resource":"pickaxepack:pickaxes/pickaxe2"},{"type":"single","resource":"pickaxepack:pickaxes/pickaxe1"},{"type":"single","resource":"pickaxepack:pickaxes/pickaxe7"},{"type":"single","resource":"inkless:sillysets/silly_green_crossbow_firework"},{"type":"single","resource":"pickaxepack:pickaxes/pickaxe6"},{"type":"single","resource":"pickaxepack:pickaxes/pickaxe5"},{"type":"single","resource":"pickaxepack:pickaxes/pickaxe4"},{"type":"single","resource":"rpgarmory:staffs/staff27"},{"type":"single","resource":"rpgarmory:staffs/staff26"},{"type":"single","resource":"rpgarmory:staffs/staff25"},{"type":"single","resource":"rpgarmory:staffs/staff24"},{"type":"single","resource":"rpgarmory:staffs/staff23"},{"type":"single","resource":"rpgarmory:staffs/staff22"},{"type":"single","resource":"rpgarmory:staffs/staff21"},{"type":"single","resource":"rpgarmory:axes/axe27"},{"type":"single","resource":"rpgarmory:staffs/staff20"},{"type":"single","resource":"inkless:sillysets/silly_green_crossbow_charged"},{"type":"single","resource":"iafestivities:christmas/christmas_candle/leaves"},{"type":"single","resource":"_iainternal:icons/icon_cancel"},{"type":"single","resource":"iawearables:hat/biker_helmet"},{"type":"single","resource":"iafestivities:halloween/witch_hat"},{"type":"single","resource":"inkless:sillysets/silly_red_shears"},{"type":"single","resource":"rpgarmory:staffs/staff19"},{"type":"single","resource":"rpgarmory:staffs/staff18"},{"type":"single","resource":"rpgarmory:staffs/staff17"},{"type":"single","resource":"rpgarmory:staffs/staff16"},{"type":"single","resource":"rpgarmory:staffs/staff15"},{"type":"single","resource":"rpgarmory:staffs/staff14"},{"type":"single","resource":"rpgarmory:staffs/staff13"},{"type":"single","resource":"rpgarmory:staffs/staff12"},{"type":"single","resource":"rpgarmory:staffs/staff11"},{"type":"single","resource":"rpgarmory:staffs/staff10"},{"type":"single","resource":"guis/pixel"},{"type":"single","resource":"iafestivities:halloween/bones_backpack/bone"},{"type":"single","resource":"iaalchemy:furniture/mysterious_stone/symbols"},{"type":"single","resource":"ax_emerald_set:axemerald_leggings"},{"type":"single","resource":"iawearables:back/white_cat_tail"},{"type":"single","resource":"inkless:sillysets/silly_red_crossbow_firework"},{"type":"single","resource":"iawearables:back/purple_backpack"},{"type":"single","resource":"ax_emerald_set:axemerald_boots"},{"type":"single","resource":"simple_crates:blue_light_blue_crate_block"},{"type":"single","resource":"simple_crates:red_golden_crate_key"},{"type":"single","resource":"simple_crates:brown_silver_crate_key"},{"type":"single","resource":"iawearables:hat/cat_ears"},{"type":"single","resource":"inkless:sillysets/silly_green_hoe"},{"type":"single","resource":"iawearables:back/demoniac_black_wings"},{"type":"single","resource":"_iainternal:icons/icon_search"},{"type":"single","resource":"iawearables:back/demoniac_blue_wings"},{"type":"single","resource":"rpgarmory:bows/bow9_0"},{"type":"single","resource":"iawearables:hat/cool_sunglasses"},{"type":"single","resource":"rpgarmory:bows/bow9_1"},{"type":"single","resource":"simple_crates:purple_light_purple_crate_block"},{"type":"single","resource":"rpgarmory:bows/bow9_2"},{"type":"single","resource":"rpgarmory:bows/bow22_2"},{"type":"single","resource":"rpgarmory:bows/bow22_1"},{"type":"single","resource":"rpgarmory:bows/bow22_0"},{"type":"single","resource":"inkless:sillysets/silly_red_crossbow_0"},{"type":"single","resource":"inkless:sillysets/silly_red_crossbow_1"},{"type":"single","resource":"inkless:sillysets/silly_red_crossbow_2"},{"type":"single","resource":"iawearables:back/demoniac_purple_wings"},{"type":"single","resource":"ax_emerald_set:axemerald_sword"},{"type":"single","resource":"simple_crates:pink_green_crate_block"},{"type":"single","resource":"rpgarmory:bows/bow11_2"},{"type":"single","resource":"entity/enderdragon/dragon"},{"type":"single","resource":"rpgarmory:bows/bow11_1"},{"type":"single","resource":"rpgarmory:bows/bow11_0"},{"type":"single","resource":"iawearables:back/demoniac_turquoise_wings"},{"type":"single","resource":"inkless:sillysets/silly_red_shovel"},{"type":"single","resource":"iawearables:back/brown_backpack"},{"type":"single","resource":"rpgarmory:bows/bow23_2"},{"type":"single","resource":"rpgarmory:bows/bow23_1"},{"type":"single","resource":"rpgarmory:bows/bow23_0"},{"type":"single","resource":"inkless:sillysets/silly_green_sword"},{"type":"single","resource":"rpgarmory:bows/bow14"},{"type":"single","resource":"rpgarmory:bows/bow15"},{"type":"single","resource":"rpgarmory:bows/bow12"},{"type":"single","resource":"rpgarmory:bows/bow13"},{"type":"single","resource":"rpgarmory:bows/bow10"},{"type":"single","resource":"rpgarmory:bows/bow11"},{"type":"single","resource":"rpgarmory:bows/bow18"},{"type":"single","resource":"rpgarmory:bows/bow19"},{"type":"single","resource":"rpgarmory:bows/bow16"},{"type":"single","resource":"inkless:sillysets/silly_green_rod_cast"},{"type":"single","resource":"rpgarmory:bows/bow17"},{"type":"single","resource":"inkless:sillysets/silly_green_bow_1"},{"type":"single","resource":"inkless:sillysets/silly_green_bow_2"},{"type":"single","resource":"ax_emerald_set:axemerald_axe"},{"type":"single","resource":"inkless:sillysets/silly_green_bow_0"},{"type":"single","resource":"rpgarmory:bows/bow12_2"},{"type":"single","resource":"rpgarmory:bows/bow12_1"},{"type":"single","resource":"rpgarmory:bows/bow12_0"},{"type":"single","resource":"rpgarmory:bows/bow25"},{"type":"single","resource":"rpgarmory:bows/bow26"},{"type":"single","resource":"iawearables:back/all_black_cat_tail"},{"type":"single","resource":"rpgarmory:bows/bow23"},{"type":"single","resource":"rpgarmory:bows/bow24"},{"type":"single","resource":"rpgarmory:bows/bow21"},{"type":"single","resource":"rpgarmory:bows/bow22"},{"type":"single","resource":"rpgarmory:bows/bow20"},{"type":"single","resource":"inkless:sillysets/silly_blue_shovel"},{"type":"single","resource":"rpgarmory:bows/bow27"},{"type":"single","resource":"simple_crates:blue_light_blue_crate_key"},{"type":"single","resource":"ax_emerald_set:axemerald_helmet"},{"type":"single","resource":"rpgarmory:staffs/staff1"},{"type":"single","resource":"rpgarmory:bows/bow20_1"},{"type":"single","resource":"rpgarmory:staffs/staff2"},{"type":"single","resource":"rpgarmory:bows/bow20_0"},{"type":"single","resource":"rpgarmory:bows/bow20_2"},{"type":"single","resource":"rpgarmory:staffs/staff9"},{"type":"single","resource":"rpgarmory:staffs/staff7"},{"type":"single","resource":"rpgarmory:staffs/staff8"},{"type":"single","resource":"rpgarmory:staffs/staff5"},{"type":"single","resource":"iafestivities:halloween/cave_spider_backpack"},{"type":"single","resource":"rpgarmory:staffs/staff6"},{"type":"single","resource":"rpgarmory:staffs/staff3"},{"type":"single","resource":"rpgarmory:staffs/staff4"},{"type":"single","resource":"inkless:sillysets/silly_blue_leggings"},{"type":"single","resource":"iafestivities:christmas/christmas_tree/leaves"},{"type":"single","resource":"inkless:sillysets/silly_red_pickaxe"},{"type":"single","resource":"rpgarmory:swords/sword14"},{"type":"single","resource":"rpgarmory:swords/sword15"},{"type":"single","resource":"rpgarmory:swords/sword12"},{"type":"single","resource":"rpgarmory:swords/sword13"},{"type":"single","resource":"rpgarmory:swords/sword10"},{"type":"single","resource":"rpgarmory:swords/sword11"},{"type":"single","resource":"ax_emerald_set:axemerald_icon"},{"type":"single","resource":"inkless:sillysets/silly_green_shovel"},{"type":"single","resource":"inkless:sillysets/silly_blue_crossbow_firework"},{"type":"single","resource":"rpgarmory:bows/bow21_0"},{"type":"single","resource":"rpgarmory:bows/bow21_2"},{"type":"single","resource":"rpgarmory:bows/bow21_1"},{"type":"single","resource":"_iainternal:icons/icon_back_orange"},{"type":"single","resource":"iafestivities:halloween/dark_jack_o_lantern_backpack/pumpkin"},{"type":"single","resource":"inkless:sillysets/silly_blue_crossbow"},{"type":"single","resource":"iawearables:hat/ruby_pickaxe_hat"},{"type":"single","resource":"inkless:sillysets/silly_red_hoe"},{"type":"single","resource":"inkless:sillysets/silly_red_rod_cast"},{"type":"single","resource":"rpgarmory:bows/bow10_0"},{"type":"single","resource":"rpgarmory:bows/bow10_2"},{"type":"single","resource":"rpgarmory:bows/bow10_1"}]}