{"textures​":{"layer0":"minecraft:item/music_disc_tears"},"credit":"Made by RJCC.PRO","\u0074\u0065\u0078\u0074\u0075\u0072\u0065\u0073":{"0":"\u0067\u0075\u0069\u0073/\u0070\u0069\u0078\u0065\u006c","\u0070\u0061\u0072\u0074\u0069\u0063\u006c\u0065":"\u0067\u0075\u0069\u0073/\u0070\u0069\u0078\u0065\u006c"},"elements":[{"from":[0,0,0],"to":[16,0,16],"rotation":{"angle":0,"axis":"y","origin":[8,0,8]},"faces":{"north":{"uv":[0,0,16,16],"texture":"#0"},"east":{"uv":[0,0,16,16],"texture":"#0"},"south":{"uv":[0,0,16,16],"texture":"#0"},"west":{"uv":[0,0,16,16],"texture":"#0"},"up":{"uv":[0,0,16,16],"texture":"#0"},"down":{"uv":[0,16,16,0],"texture":"#0"}}}],"display":{"fixed":{"rotation":[90,0,0],"translation":[0,2.75,31.749],"scale":[4,4,4]}},"gui_light":"front"}