{"model":{"type":"range_dispatch","property":"custom_model_data","index":0,"fallback":{"type":"minecraft:model","model":"minecraft:item/diamond_pickaxe"},"entries":[{"threshold":10000,"model":{"type":"model","model":"iasurvival:item/ia_auto/diamond_hammer"}},{"threshold":10001,"model":{"type":"model","model":"iasurvival:item/ia_auto/dark_amethyst_pickaxe"}},{"threshold":10002,"model":{"type":"model","model":"iasurvival:item/ia_auto/bronze_pickaxe"}},{"threshold":10003,"model":{"type":"model","model":"iaalchemy:item/ia_auto/demoniac_hammer"}},{"threshold":10004,"model":{"type":"model","model":"iaalchemy:item/ia_auto/astral_pickaxe"}},{"threshold":10005,"model":{"type":"model","model":"iaalchemy:item/ia_auto/demoniac_pickaxe"}},{"threshold":10006,"model":{"type":"model","model":"item/diamond_pickaxe"}}]},"oversized_in_gui":true}