{"model":{"type":"range_dispatch","property":"custom_model_data","index":0,"fallback":{"type":"minecraft:condition","on_false":{"type":"minecraft:model","model":"minecraft:item/fishing_rod"},"on_true":{"type":"minecraft:model","model":"minecraft:item/fishing_rod_cast"},"property":"minecraft:fishing_rod/cast"},"entries":[{"threshold":10000,"model":{"type":"minecraft:condition","on_false":{"type":"model","model":"inkless:item/ia_auto/silly_blue_rod"},"on_true":{"type":"model","model":"inkless:item/ia_auto/silly_blue_rod_cast"},"property":"minecraft:fishing_rod/cast"}},{"threshold":10001,"model":{"type":"minecraft:condition","on_false":{"type":"model","model":"inkless:item/ia_auto/silly_red_rod"},"on_true":{"type":"model","model":"inkless:item/ia_auto/silly_red_rod_cast"},"property":"minecraft:fishing_rod/cast"}},{"threshold":10002,"model":{"type":"minecraft:condition","on_false":{"type":"model","model":"iasurvival:item/ia_auto/black_fishing_rod"},"on_true":{"type":"model","model":"iasurvival:item/ia_auto/black_fishing_rod_cast"},"property":"minecraft:fishing_rod/cast"}},{"threshold":10003,"model":{"type":"minecraft:condition","on_false":{"type":"model","model":"iasurvival:item/ia_auto/red_fishing_rod"},"on_true":{"type":"model","model":"iasurvival:item/ia_auto/red_fishing_rod_cast"},"property":"minecraft:fishing_rod/cast"}},{"threshold":10004,"model":{"type":"minecraft:condition","on_false":{"type":"model","model":"iasurvival:item/ia_auto/green_fishing_rod"},"on_true":{"type":"model","model":"iasurvival:item/ia_auto/green_fishing_rod_cast"},"property":"minecraft:fishing_rod/cast"}},{"threshold":10005,"model":{"type":"minecraft:condition","on_false":{"type":"model","model":"iasurvival:item/ia_auto/blue_fishing_rod"},"on_true":{"type":"model","model":"iasurvival:item/ia_auto/blue_fishing_rod_cast"},"property":"minecraft:fishing_rod/cast"}},{"threshold":10006,"model":{"type":"minecraft:condition","on_false":{"type":"model","model":"iasurvival:item/ia_auto/purple_fishing_rod"},"on_true":{"type":"model","model":"iasurvival:item/ia_auto/purple_fishing_rod_cast"},"property":"minecraft:fishing_rod/cast"}},{"threshold":10007,"model":{"type":"minecraft:condition","on_false":{"type":"model","model":"iasurvival:item/ia_auto/cyan_fishing_rod"},"on_true":{"type":"model","model":"iasurvival:item/ia_auto/cyan_fishing_rod_cast"},"property":"minecraft:fishing_rod/cast"}},{"threshold":10008,"model":{"type":"minecraft:condition","on_false":{"type":"model","model":"inkless:item/ia_auto/silly_green_rod"},"on_true":{"type":"model","model":"inkless:item/ia_auto/silly_green_rod_cast"},"property":"minecraft:fishing_rod/cast"}},{"threshold":10009,"model":{"type":"minecraft:condition","on_false":{"type":"model","model":"item/fishing_rod"},"on_true":{"type":"minecraft:model","model":"minecraft:item/fishing_rod_cast"},"property":"minecraft:fishing_rod/cast"}}]},"oversized_in_gui":true}