{"providers":[{"type":"space","advances":{"󎀁":-1}},{"type":"bitmap","file":"betterhud:image_entity_head_player.png","ascent":-8417331,"height":16,"chars":["󎀂"]},{"type":"bitmap","file":"betterhud:image_entity_head_allay.png","ascent":-8417331,"height":16,"chars":["󎀃"]},{"type":"bitmap","file":"betterhud:image_entity_head_axolotl.png","ascent":-8417331,"height":10,"chars":["󎀄"]},{"type":"bitmap","file":"betterhud:image_entity_head_bear.png","ascent":-8417331,"height":16,"chars":["󎀅"]},{"type":"bitmap","file":"betterhud:image_entity_head_bee.png","ascent":-8417331,"height":8,"chars":["󎀆"]},{"type":"bitmap","file":"betterhud:image_entity_head_breeze.png","ascent":-8417331,"height":16,"chars":["󎀇"]},{"type":"bitmap","file":"betterhud:image_entity_head_cat.png","ascent":-8417331,"height":16,"chars":["󎀈"]},{"type":"bitmap","file":"betterhud:image_entity_head_cow.png","ascent":-8417331,"height":16,"chars":["󎀉"]},{"type":"bitmap","file":"betterhud:image_entity_head_creaking.png","ascent":-8417331,"height":16,"chars":["󎀊"]},{"type":"bitmap","file":"betterhud:image_entity_head_creeper.png","ascent":-8417331,"height":16,"chars":["󎀋"]},{"type":"bitmap","file":"betterhud:image_entity_head_enderdragon.png","ascent":-8417331,"height":16,"chars":["󎀌"]},{"type":"bitmap","file":"betterhud:image_entity_head_enderman.png","ascent":-8417331,"height":12,"chars":["󎀍"]},{"type":"bitmap","file":"betterhud:image_entity_head_evoker.png","ascent":-8417331,"height":16,"chars":["󎀎"]},{"type":"bitmap","file":"betterhud:image_entity_head_fish.png","ascent":-8417331,"height":16,"chars":["󎀏"]},{"type":"bitmap","file":"betterhud:image_entity_head_fox.png","ascent":-8417331,"height":10,"chars":["󎀐"]},{"type":"bitmap","file":"betterhud:image_entity_head_ghast.png","ascent":-8417331,"height":16,"chars":["󎀑"]},{"type":"bitmap","file":"betterhud:image_entity_head_hoglin.png","ascent":-8417331,"height":16,"chars":["󎀒"]},{"type":"bitmap","file":"betterhud:image_entity_head_illusioner.png","ascent":-8417331,"height":16,"chars":["󎀓"]},{"type":"bitmap","file":"betterhud:image_entity_head_iron_golem.png","ascent":-8417331,"height":16,"chars":["󎀔"]},{"type":"bitmap","file":"betterhud:image_entity_head_panda.png","ascent":-8417331,"height":12,"chars":["󎀕"]},{"type":"bitmap","file":"betterhud:image_entity_head_pig.png","ascent":-8417331,"height":16,"chars":["󎀖"]},{"type":"bitmap","file":"betterhud:image_entity_head_piglin.png","ascent":-8417331,"height":13,"chars":["󎀗"]},{"type":"bitmap","file":"betterhud:image_entity_head_pillager.png","ascent":-8417331,"height":16,"chars":["󎀘"]},{"type":"bitmap","file":"betterhud:image_entity_head_ravager.png","ascent":-8417331,"height":16,"chars":["󎀙"]},{"type":"bitmap","file":"betterhud:image_entity_head_sheep.png","ascent":-8417331,"height":13,"chars":["󎀚"]},{"type":"bitmap","file":"betterhud:image_entity_head_shulker.png","ascent":-8417331,"height":16,"chars":["󎀛"]},{"type":"bitmap","file":"betterhud:image_entity_head_skeleton.png","ascent":-8417331,"height":16,"chars":["󎀜"]},{"type":"bitmap","file":"betterhud:image_entity_head_slime.png","ascent":-8417331,"height":16,"chars":["󎀝"]},{"type":"bitmap","file":"betterhud:image_entity_head_spider.png","ascent":-8417331,"height":13,"chars":["󎀞"]},{"type":"bitmap","file":"betterhud:image_entity_head_squid.png","ascent":-8417331,"height":16,"chars":["󎀟"]},{"type":"bitmap","file":"betterhud:image_entity_head_strider.png","ascent":-8417331,"height":14,"chars":["󎀠"]},{"type":"bitmap","file":"betterhud:image_entity_head_turtle.png","ascent":-8417331,"height":8,"chars":["󎀡"]},{"type":"bitmap","file":"betterhud:image_entity_head_vex.png","ascent":-8417331,"height":16,"chars":["󎀢"]},{"type":"bitmap","file":"betterhud:image_entity_head_villager.png","ascent":-8417331,"height":16,"chars":["󎀣"]},{"type":"bitmap","file":"betterhud:image_entity_head_vindicator.png","ascent":-8417331,"height":16,"chars":["󎀤"]},{"type":"bitmap","file":"betterhud:image_entity_head_warden.png","ascent":-8417331,"height":16,"chars":["󎀥"]},{"type":"bitmap","file":"betterhud:image_entity_head_wither.png","ascent":-8417331,"height":16,"chars":["󎀦"]},{"type":"bitmap","file":"betterhud:image_entity_head_zombie.png","ascent":-8417331,"height":8,"chars":["󎀧"]},{"type":"bitmap","file":"betterhud:image_entity_head_zombie_villager.png","ascent":-8417331,"height":16,"chars":["󎀨"]},{"type":"bitmap","file":"betterhud:image_entity_empty.png","ascent":-8417351,"height":4,"chars":["󎀩"]},{"type":"bitmap","file":"betterhud:image_image_entity_white_left_25_1.png","ascent":-8417351,"height":4,"chars":["󎀪"]},{"type":"bitmap","file":"betterhud:image_image_entity_white_left_25_2.png","ascent":-8417351,"height":4,"chars":["󎀫"]},{"type":"bitmap","file":"betterhud:image_image_entity_white_left_25_3.png","ascent":-8417351,"height":4,"chars":["󎀬"]},{"type":"bitmap","file":"betterhud:image_image_entity_white_left_25_4.png","ascent":-8417351,"height":4,"chars":["󎀭"]},{"type":"bitmap","file":"betterhud:image_image_entity_white_left_25_5.png","ascent":-8417351,"height":4,"chars":["󎀮"]},{"type":"bitmap","file":"betterhud:image_image_entity_white_left_25_6.png","ascent":-8417351,"height":4,"chars":["󎀯"]},{"type":"bitmap","file":"betterhud:image_image_entity_white_left_25_7.png","ascent":-8417351,"height":4,"chars":["󎀰"]},{"type":"bitmap","file":"betterhud:image_image_entity_white_left_25_8.png","ascent":-8417351,"height":4,"chars":["󎀱"]},{"type":"bitmap","file":"betterhud:image_image_entity_white_left_25_9.png","ascent":-8417351,"height":4,"chars":["󎀲"]},{"type":"bitmap","file":"betterhud:image_image_entity_white_left_25_10.png","ascent":-8417351,"height":4,"chars":["󎀳"]},{"type":"bitmap","file":"betterhud:image_image_entity_white_left_25_11.png","ascent":-8417351,"height":4,"chars":["󎀴"]},{"type":"bitmap","file":"betterhud:image_image_entity_white_left_25_12.png","ascent":-8417351,"height":4,"chars":["󎀵"]},{"type":"bitmap","file":"betterhud:image_image_entity_white_left_25_13.png","ascent":-8417351,"height":4,"chars":["󎀶"]},{"type":"bitmap","file":"betterhud:image_image_entity_white_left_25_14.png","ascent":-8417351,"height":4,"chars":["󎀷"]},{"type":"bitmap","file":"betterhud:image_image_entity_white_left_25_15.png","ascent":-8417351,"height":4,"chars":["󎀸"]},{"type":"bitmap","file":"betterhud:image_image_entity_white_left_25_16.png","ascent":-8417351,"height":4,"chars":["󎀹"]},{"type":"bitmap","file":"betterhud:image_image_entity_white_left_25_17.png","ascent":-8417351,"height":4,"chars":["󎀺"]},{"type":"bitmap","file":"betterhud:image_image_entity_white_left_25_18.png","ascent":-8417351,"height":4,"chars":["󎀻"]},{"type":"bitmap","file":"betterhud:image_image_entity_white_left_25_19.png","ascent":-8417351,"height":4,"chars":["󎀼"]},{"type":"bitmap","file":"betterhud:image_image_entity_white_left_25_20.png","ascent":-8417351,"height":4,"chars":["󎀽"]},{"type":"bitmap","file":"betterhud:image_image_entity_white_left_25_21.png","ascent":-8417351,"height":4,"chars":["󎀾"]},{"type":"bitmap","file":"betterhud:image_image_entity_white_left_25_22.png","ascent":-8417351,"height":4,"chars":["󎀿"]},{"type":"bitmap","file":"betterhud:image_image_entity_white_left_25_23.png","ascent":-8417351,"height":4,"chars":["󎁀"]},{"type":"bitmap","file":"betterhud:image_image_entity_white_left_25_24.png","ascent":-8417351,"height":4,"chars":["󎁁"]},{"type":"bitmap","file":"betterhud:image_image_entity_white_left_25_25.png","ascent":-8417351,"height":4,"chars":["󎁂"]},{"type":"bitmap","file":"betterhud:image_image_entity_red_left_25_1.png","ascent":-8417351,"height":4,"chars":["󎁃"]},{"type":"bitmap","file":"betterhud:image_image_entity_red_left_25_2.png","ascent":-8417351,"height":4,"chars":["󎁄"]},{"type":"bitmap","file":"betterhud:image_image_entity_red_left_25_3.png","ascent":-8417351,"height":4,"chars":["󎁅"]},{"type":"bitmap","file":"betterhud:image_image_entity_red_left_25_4.png","ascent":-8417351,"height":4,"chars":["󎁆"]},{"type":"bitmap","file":"betterhud:image_image_entity_red_left_25_5.png","ascent":-8417351,"height":4,"chars":["󎁇"]},{"type":"bitmap","file":"betterhud:image_image_entity_red_left_25_6.png","ascent":-8417351,"height":4,"chars":["󎁈"]},{"type":"bitmap","file":"betterhud:image_image_entity_red_left_25_7.png","ascent":-8417351,"height":4,"chars":["󎁉"]},{"type":"bitmap","file":"betterhud:image_image_entity_red_left_25_8.png","ascent":-8417351,"height":4,"chars":["󎁊"]},{"type":"bitmap","file":"betterhud:image_image_entity_red_left_25_9.png","ascent":-8417351,"height":4,"chars":["󎁋"]},{"type":"bitmap","file":"betterhud:image_image_entity_red_left_25_10.png","ascent":-8417351,"height":4,"chars":["󎁌"]},{"type":"bitmap","file":"betterhud:image_image_entity_red_left_25_11.png","ascent":-8417351,"height":4,"chars":["󎁍"]},{"type":"bitmap","file":"betterhud:image_image_entity_red_left_25_12.png","ascent":-8417351,"height":4,"chars":["󎁎"]},{"type":"bitmap","file":"betterhud:image_image_entity_red_left_25_13.png","ascent":-8417351,"height":4,"chars":["󎁏"]},{"type":"bitmap","file":"betterhud:image_image_entity_red_left_25_14.png","ascent":-8417351,"height":4,"chars":["󎁐"]},{"type":"bitmap","file":"betterhud:image_image_entity_red_left_25_15.png","ascent":-8417351,"height":4,"chars":["󎁑"]},{"type":"bitmap","file":"betterhud:image_image_entity_red_left_25_16.png","ascent":-8417351,"height":4,"chars":["󎁒"]},{"type":"bitmap","file":"betterhud:image_image_entity_red_left_25_17.png","ascent":-8417351,"height":4,"chars":["󎁓"]},{"type":"bitmap","file":"betterhud:image_image_entity_red_left_25_18.png","ascent":-8417351,"height":4,"chars":["󎁔"]},{"type":"bitmap","file":"betterhud:image_image_entity_red_left_25_19.png","ascent":-8417351,"height":4,"chars":["󎁕"]},{"type":"bitmap","file":"betterhud:image_image_entity_red_left_25_20.png","ascent":-8417351,"height":4,"chars":["󎁖"]},{"type":"bitmap","file":"betterhud:image_image_entity_red_left_25_21.png","ascent":-8417351,"height":4,"chars":["󎁗"]},{"type":"bitmap","file":"betterhud:image_image_entity_red_left_25_22.png","ascent":-8417351,"height":4,"chars":["󎁘"]},{"type":"bitmap","file":"betterhud:image_image_entity_red_left_25_23.png","ascent":-8417351,"height":4,"chars":["󎁙"]},{"type":"bitmap","file":"betterhud:image_image_entity_red_left_25_24.png","ascent":-8417351,"height":4,"chars":["󎁚"]},{"type":"bitmap","file":"betterhud:image_image_entity_red_left_25_25.png","ascent":-8417351,"height":4,"chars":["󎁛"]},{"type":"bitmap","file":"betterhud:image_entity_head_player.png","ascent":-8417371,"height":16,"chars":["󎁜"]},{"type":"bitmap","file":"betterhud:image_entity_head_allay.png","ascent":-8417371,"height":16,"chars":["󎁝"]},{"type":"bitmap","file":"betterhud:image_entity_head_axolotl.png","ascent":-8417371,"height":10,"chars":["󎁞"]},{"type":"bitmap","file":"betterhud:image_entity_head_bear.png","ascent":-8417371,"height":16,"chars":["󎁟"]},{"type":"bitmap","file":"betterhud:image_entity_head_bee.png","ascent":-8417371,"height":8,"chars":["󎁠"]},{"type":"bitmap","file":"betterhud:image_entity_head_breeze.png","ascent":-8417371,"height":16,"chars":["󎁡"]},{"type":"bitmap","file":"betterhud:image_entity_head_cat.png","ascent":-8417371,"height":16,"chars":["󎁢"]},{"type":"bitmap","file":"betterhud:image_entity_head_cow.png","ascent":-8417371,"height":16,"chars":["󎁣"]},{"type":"bitmap","file":"betterhud:image_entity_head_creaking.png","ascent":-8417371,"height":16,"chars":["󎁤"]},{"type":"bitmap","file":"betterhud:image_entity_head_creeper.png","ascent":-8417371,"height":16,"chars":["󎁥"]},{"type":"bitmap","file":"betterhud:image_entity_head_enderdragon.png","ascent":-8417371,"height":16,"chars":["󎁦"]},{"type":"bitmap","file":"betterhud:image_entity_head_enderman.png","ascent":-8417371,"height":12,"chars":["󎁧"]},{"type":"bitmap","file":"betterhud:image_entity_head_evoker.png","ascent":-8417371,"height":16,"chars":["󎁨"]},{"type":"bitmap","file":"betterhud:image_entity_head_fish.png","ascent":-8417371,"height":16,"chars":["󎁩"]},{"type":"bitmap","file":"betterhud:image_entity_head_fox.png","ascent":-8417371,"height":10,"chars":["󎁪"]},{"type":"bitmap","file":"betterhud:image_entity_head_ghast.png","ascent":-8417371,"height":16,"chars":["󎁫"]},{"type":"bitmap","file":"betterhud:image_entity_head_hoglin.png","ascent":-8417371,"height":16,"chars":["󎁬"]},{"type":"bitmap","file":"betterhud:image_entity_head_illusioner.png","ascent":-8417371,"height":16,"chars":["󎁭"]},{"type":"bitmap","file":"betterhud:image_entity_head_iron_golem.png","ascent":-8417371,"height":16,"chars":["󎁮"]},{"type":"bitmap","file":"betterhud:image_entity_head_panda.png","ascent":-8417371,"height":12,"chars":["󎁯"]},{"type":"bitmap","file":"betterhud:image_entity_head_pig.png","ascent":-8417371,"height":16,"chars":["󎁰"]},{"type":"bitmap","file":"betterhud:image_entity_head_piglin.png","ascent":-8417371,"height":13,"chars":["󎁱"]},{"type":"bitmap","file":"betterhud:image_entity_head_pillager.png","ascent":-8417371,"height":16,"chars":["󎁲"]},{"type":"bitmap","file":"betterhud:image_entity_head_ravager.png","ascent":-8417371,"height":16,"chars":["󎁳"]},{"type":"bitmap","file":"betterhud:image_entity_head_sheep.png","ascent":-8417371,"height":13,"chars":["󎁴"]},{"type":"bitmap","file":"betterhud:image_entity_head_shulker.png","ascent":-8417371,"height":16,"chars":["󎁵"]},{"type":"bitmap","file":"betterhud:image_entity_head_skeleton.png","ascent":-8417371,"height":16,"chars":["󎁶"]},{"type":"bitmap","file":"betterhud:image_entity_head_slime.png","ascent":-8417371,"height":16,"chars":["󎁷"]},{"type":"bitmap","file":"betterhud:image_entity_head_spider.png","ascent":-8417371,"height":13,"chars":["󎁸"]},{"type":"bitmap","file":"betterhud:image_entity_head_squid.png","ascent":-8417371,"height":16,"chars":["󎁹"]},{"type":"bitmap","file":"betterhud:image_entity_head_strider.png","ascent":-8417371,"height":14,"chars":["󎁺"]},{"type":"bitmap","file":"betterhud:image_entity_head_turtle.png","ascent":-8417371,"height":8,"chars":["󎁻"]},{"type":"bitmap","file":"betterhud:image_entity_head_vex.png","ascent":-8417371,"height":16,"chars":["󎁼"]},{"type":"bitmap","file":"betterhud:image_entity_head_villager.png","ascent":-8417371,"height":16,"chars":["󎁽"]},{"type":"bitmap","file":"betterhud:image_entity_head_vindicator.png","ascent":-8417371,"height":16,"chars":["󎁾"]},{"type":"bitmap","file":"betterhud:image_entity_head_warden.png","ascent":-8417371,"height":16,"chars":["󎁿"]},{"type":"bitmap","file":"betterhud:image_entity_head_wither.png","ascent":-8417371,"height":16,"chars":["󎂀"]},{"type":"bitmap","file":"betterhud:image_entity_head_zombie.png","ascent":-8417371,"height":8,"chars":["󎂁"]},{"type":"bitmap","file":"betterhud:image_entity_head_zombie_villager.png","ascent":-8417371,"height":16,"chars":["󎂂"]},{"type":"bitmap","file":"betterhud:image_entity_empty.png","ascent":-8417391,"height":4,"chars":["󎂃"]},{"type":"bitmap","file":"betterhud:image_image_entity_white_left_25_1.png","ascent":-8417391,"height":4,"chars":["󎂄"]},{"type":"bitmap","file":"betterhud:image_image_entity_white_left_25_2.png","ascent":-8417391,"height":4,"chars":["󎂅"]},{"type":"bitmap","file":"betterhud:image_image_entity_white_left_25_3.png","ascent":-8417391,"height":4,"chars":["󎂆"]},{"type":"bitmap","file":"betterhud:image_image_entity_white_left_25_4.png","ascent":-8417391,"height":4,"chars":["󎂇"]},{"type":"bitmap","file":"betterhud:image_image_entity_white_left_25_5.png","ascent":-8417391,"height":4,"chars":["󎂈"]},{"type":"bitmap","file":"betterhud:image_image_entity_white_left_25_6.png","ascent":-8417391,"height":4,"chars":["󎂉"]},{"type":"bitmap","file":"betterhud:image_image_entity_white_left_25_7.png","ascent":-8417391,"height":4,"chars":["󎂊"]},{"type":"bitmap","file":"betterhud:image_image_entity_white_left_25_8.png","ascent":-8417391,"height":4,"chars":["󎂋"]},{"type":"bitmap","file":"betterhud:image_image_entity_white_left_25_9.png","ascent":-8417391,"height":4,"chars":["󎂌"]},{"type":"bitmap","file":"betterhud:image_image_entity_white_left_25_10.png","ascent":-8417391,"height":4,"chars":["󎂍"]},{"type":"bitmap","file":"betterhud:image_image_entity_white_left_25_11.png","ascent":-8417391,"height":4,"chars":["󎂎"]},{"type":"bitmap","file":"betterhud:image_image_entity_white_left_25_12.png","ascent":-8417391,"height":4,"chars":["󎂏"]},{"type":"bitmap","file":"betterhud:image_image_entity_white_left_25_13.png","ascent":-8417391,"height":4,"chars":["󎂐"]},{"type":"bitmap","file":"betterhud:image_image_entity_white_left_25_14.png","ascent":-8417391,"height":4,"chars":["󎂑"]},{"type":"bitmap","file":"betterhud:image_image_entity_white_left_25_15.png","ascent":-8417391,"height":4,"chars":["󎂒"]},{"type":"bitmap","file":"betterhud:image_image_entity_white_left_25_16.png","ascent":-8417391,"height":4,"chars":["󎂓"]},{"type":"bitmap","file":"betterhud:image_image_entity_white_left_25_17.png","ascent":-8417391,"height":4,"chars":["󎂔"]},{"type":"bitmap","file":"betterhud:image_image_entity_white_left_25_18.png","ascent":-8417391,"height":4,"chars":["󎂕"]},{"type":"bitmap","file":"betterhud:image_image_entity_white_left_25_19.png","ascent":-8417391,"height":4,"chars":["󎂖"]},{"type":"bitmap","file":"betterhud:image_image_entity_white_left_25_20.png","ascent":-8417391,"height":4,"chars":["󎂗"]},{"type":"bitmap","file":"betterhud:image_image_entity_white_left_25_21.png","ascent":-8417391,"height":4,"chars":["󎂘"]},{"type":"bitmap","file":"betterhud:image_image_entity_white_left_25_22.png","ascent":-8417391,"height":4,"chars":["󎂙"]},{"type":"bitmap","file":"betterhud:image_image_entity_white_left_25_23.png","ascent":-8417391,"height":4,"chars":["󎂚"]},{"type":"bitmap","file":"betterhud:image_image_entity_white_left_25_24.png","ascent":-8417391,"height":4,"chars":["󎂛"]},{"type":"bitmap","file":"betterhud:image_image_entity_white_left_25_25.png","ascent":-8417391,"height":4,"chars":["󎂜"]},{"type":"bitmap","file":"betterhud:image_image_entity_red_left_25_1.png","ascent":-8417391,"height":4,"chars":["󎂝"]},{"type":"bitmap","file":"betterhud:image_image_entity_red_left_25_2.png","ascent":-8417391,"height":4,"chars":["󎂞"]},{"type":"bitmap","file":"betterhud:image_image_entity_red_left_25_3.png","ascent":-8417391,"height":4,"chars":["󎂟"]},{"type":"bitmap","file":"betterhud:image_image_entity_red_left_25_4.png","ascent":-8417391,"height":4,"chars":["󎂠"]},{"type":"bitmap","file":"betterhud:image_image_entity_red_left_25_5.png","ascent":-8417391,"height":4,"chars":["󎂡"]},{"type":"bitmap","file":"betterhud:image_image_entity_red_left_25_6.png","ascent":-8417391,"height":4,"chars":["󎂢"]},{"type":"bitmap","file":"betterhud:image_image_entity_red_left_25_7.png","ascent":-8417391,"height":4,"chars":["󎂣"]},{"type":"bitmap","file":"betterhud:image_image_entity_red_left_25_8.png","ascent":-8417391,"height":4,"chars":["󎂤"]},{"type":"bitmap","file":"betterhud:image_image_entity_red_left_25_9.png","ascent":-8417391,"height":4,"chars":["󎂥"]},{"type":"bitmap","file":"betterhud:image_image_entity_red_left_25_10.png","ascent":-8417391,"height":4,"chars":["󎂦"]},{"type":"bitmap","file":"betterhud:image_image_entity_red_left_25_11.png","ascent":-8417391,"height":4,"chars":["󎂧"]},{"type":"bitmap","file":"betterhud:image_image_entity_red_left_25_12.png","ascent":-8417391,"height":4,"chars":["󎂨"]},{"type":"bitmap","file":"betterhud:image_image_entity_red_left_25_13.png","ascent":-8417391,"height":4,"chars":["󎂩"]},{"type":"bitmap","file":"betterhud:image_image_entity_red_left_25_14.png","ascent":-8417391,"height":4,"chars":["󎂪"]},{"type":"bitmap","file":"betterhud:image_image_entity_red_left_25_15.png","ascent":-8417391,"height":4,"chars":["󎂫"]},{"type":"bitmap","file":"betterhud:image_image_entity_red_left_25_16.png","ascent":-8417391,"height":4,"chars":["󎂬"]},{"type":"bitmap","file":"betterhud:image_image_entity_red_left_25_17.png","ascent":-8417391,"height":4,"chars":["󎂭"]},{"type":"bitmap","file":"betterhud:image_image_entity_red_left_25_18.png","ascent":-8417391,"height":4,"chars":["󎂮"]},{"type":"bitmap","file":"betterhud:image_image_entity_red_left_25_19.png","ascent":-8417391,"height":4,"chars":["󎂯"]},{"type":"bitmap","file":"betterhud:image_image_entity_red_left_25_20.png","ascent":-8417391,"height":4,"chars":["󎂰"]},{"type":"bitmap","file":"betterhud:image_image_entity_red_left_25_21.png","ascent":-8417391,"height":4,"chars":["󎂱"]},{"type":"bitmap","file":"betterhud:image_image_entity_red_left_25_22.png","ascent":-8417391,"height":4,"chars":["󎂲"]},{"type":"bitmap","file":"betterhud:image_image_entity_red_left_25_23.png","ascent":-8417391,"height":4,"chars":["󎂳"]},{"type":"bitmap","file":"betterhud:image_image_entity_red_left_25_24.png","ascent":-8417391,"height":4,"chars":["󎂴"]},{"type":"bitmap","file":"betterhud:image_image_entity_red_left_25_25.png","ascent":-8417391,"height":4,"chars":["󎂵"]},{"type":"bitmap","file":"betterhud:image_entity_head_player.png","ascent":-8417411,"height":16,"chars":["󎂶"]},{"type":"bitmap","file":"betterhud:image_entity_head_allay.png","ascent":-8417411,"height":16,"chars":["󎂷"]},{"type":"bitmap","file":"betterhud:image_entity_head_axolotl.png","ascent":-8417411,"height":10,"chars":["󎂸"]},{"type":"bitmap","file":"betterhud:image_entity_head_bear.png","ascent":-8417411,"height":16,"chars":["󎂹"]},{"type":"bitmap","file":"betterhud:image_entity_head_bee.png","ascent":-8417411,"height":8,"chars":["󎂺"]},{"type":"bitmap","file":"betterhud:image_entity_head_breeze.png","ascent":-8417411,"height":16,"chars":["󎂻"]},{"type":"bitmap","file":"betterhud:image_entity_head_cat.png","ascent":-8417411,"height":16,"chars":["󎂼"]},{"type":"bitmap","file":"betterhud:image_entity_head_cow.png","ascent":-8417411,"height":16,"chars":["󎂽"]},{"type":"bitmap","file":"betterhud:image_entity_head_creaking.png","ascent":-8417411,"height":16,"chars":["󎂾"]},{"type":"bitmap","file":"betterhud:image_entity_head_creeper.png","ascent":-8417411,"height":16,"chars":["󎂿"]},{"type":"bitmap","file":"betterhud:image_entity_head_enderdragon.png","ascent":-8417411,"height":16,"chars":["󎃀"]},{"type":"bitmap","file":"betterhud:image_entity_head_enderman.png","ascent":-8417411,"height":12,"chars":["󎃁"]},{"type":"bitmap","file":"betterhud:image_entity_head_evoker.png","ascent":-8417411,"height":16,"chars":["󎃂"]},{"type":"bitmap","file":"betterhud:image_entity_head_fish.png","ascent":-8417411,"height":16,"chars":["󎃃"]},{"type":"bitmap","file":"betterhud:image_entity_head_fox.png","ascent":-8417411,"height":10,"chars":["󎃄"]},{"type":"bitmap","file":"betterhud:image_entity_head_ghast.png","ascent":-8417411,"height":16,"chars":["󎃅"]},{"type":"bitmap","file":"betterhud:image_entity_head_hoglin.png","ascent":-8417411,"height":16,"chars":["󎃆"]},{"type":"bitmap","file":"betterhud:image_entity_head_illusioner.png","ascent":-8417411,"height":16,"chars":["󎃇"]},{"type":"bitmap","file":"betterhud:image_entity_head_iron_golem.png","ascent":-8417411,"height":16,"chars":["󎃈"]},{"type":"bitmap","file":"betterhud:image_entity_head_panda.png","ascent":-8417411,"height":12,"chars":["󎃉"]},{"type":"bitmap","file":"betterhud:image_entity_head_pig.png","ascent":-8417411,"height":16,"chars":["󎃊"]},{"type":"bitmap","file":"betterhud:image_entity_head_piglin.png","ascent":-8417411,"height":13,"chars":["󎃋"]},{"type":"bitmap","file":"betterhud:image_entity_head_pillager.png","ascent":-8417411,"height":16,"chars":["󎃌"]},{"type":"bitmap","file":"betterhud:image_entity_head_ravager.png","ascent":-8417411,"height":16,"chars":["󎃍"]},{"type":"bitmap","file":"betterhud:image_entity_head_sheep.png","ascent":-8417411,"height":13,"chars":["󎃎"]},{"type":"bitmap","file":"betterhud:image_entity_head_shulker.png","ascent":-8417411,"height":16,"chars":["󎃏"]},{"type":"bitmap","file":"betterhud:image_entity_head_skeleton.png","ascent":-8417411,"height":16,"chars":["󎃐"]},{"type":"bitmap","file":"betterhud:image_entity_head_slime.png","ascent":-8417411,"height":16,"chars":["󎃑"]},{"type":"bitmap","file":"betterhud:image_entity_head_spider.png","ascent":-8417411,"height":13,"chars":["󎃒"]},{"type":"bitmap","file":"betterhud:image_entity_head_squid.png","ascent":-8417411,"height":16,"chars":["󎃓"]},{"type":"bitmap","file":"betterhud:image_entity_head_strider.png","ascent":-8417411,"height":14,"chars":["󎃔"]},{"type":"bitmap","file":"betterhud:image_entity_head_turtle.png","ascent":-8417411,"height":8,"chars":["󎃕"]},{"type":"bitmap","file":"betterhud:image_entity_head_vex.png","ascent":-8417411,"height":16,"chars":["󎃖"]},{"type":"bitmap","file":"betterhud:image_entity_head_villager.png","ascent":-8417411,"height":16,"chars":["󎃗"]},{"type":"bitmap","file":"betterhud:image_entity_head_vindicator.png","ascent":-8417411,"height":16,"chars":["󎃘"]},{"type":"bitmap","file":"betterhud:image_entity_head_warden.png","ascent":-8417411,"height":16,"chars":["󎃙"]},{"type":"bitmap","file":"betterhud:image_entity_head_wither.png","ascent":-8417411,"height":16,"chars":["󎃚"]},{"type":"bitmap","file":"betterhud:image_entity_head_zombie.png","ascent":-8417411,"height":8,"chars":["󎃛"]},{"type":"bitmap","file":"betterhud:image_entity_head_zombie_villager.png","ascent":-8417411,"height":16,"chars":["󎃜"]},{"type":"bitmap","file":"betterhud:image_entity_empty.png","ascent":-8417431,"height":4,"chars":["󎃝"]},{"type":"bitmap","file":"betterhud:image_image_entity_white_left_25_1.png","ascent":-8417431,"height":4,"chars":["󎃞"]},{"type":"bitmap","file":"betterhud:image_image_entity_white_left_25_2.png","ascent":-8417431,"height":4,"chars":["󎃟"]},{"type":"bitmap","file":"betterhud:image_image_entity_white_left_25_3.png","ascent":-8417431,"height":4,"chars":["󎃠"]},{"type":"bitmap","file":"betterhud:image_image_entity_white_left_25_4.png","ascent":-8417431,"height":4,"chars":["󎃡"]},{"type":"bitmap","file":"betterhud:image_image_entity_white_left_25_5.png","ascent":-8417431,"height":4,"chars":["󎃢"]},{"type":"bitmap","file":"betterhud:image_image_entity_white_left_25_6.png","ascent":-8417431,"height":4,"chars":["󎃣"]},{"type":"bitmap","file":"betterhud:image_image_entity_white_left_25_7.png","ascent":-8417431,"height":4,"chars":["󎃤"]},{"type":"bitmap","file":"betterhud:image_image_entity_white_left_25_8.png","ascent":-8417431,"height":4,"chars":["󎃥"]},{"type":"bitmap","file":"betterhud:image_image_entity_white_left_25_9.png","ascent":-8417431,"height":4,"chars":["󎃦"]},{"type":"bitmap","file":"betterhud:image_image_entity_white_left_25_10.png","ascent":-8417431,"height":4,"chars":["󎃧"]},{"type":"bitmap","file":"betterhud:image_image_entity_white_left_25_11.png","ascent":-8417431,"height":4,"chars":["󎃨"]},{"type":"bitmap","file":"betterhud:image_image_entity_white_left_25_12.png","ascent":-8417431,"height":4,"chars":["󎃩"]},{"type":"bitmap","file":"betterhud:image_image_entity_white_left_25_13.png","ascent":-8417431,"height":4,"chars":["󎃪"]},{"type":"bitmap","file":"betterhud:image_image_entity_white_left_25_14.png","ascent":-8417431,"height":4,"chars":["󎃫"]},{"type":"bitmap","file":"betterhud:image_image_entity_white_left_25_15.png","ascent":-8417431,"height":4,"chars":["󎃬"]},{"type":"bitmap","file":"betterhud:image_image_entity_white_left_25_16.png","ascent":-8417431,"height":4,"chars":["󎃭"]},{"type":"bitmap","file":"betterhud:image_image_entity_white_left_25_17.png","ascent":-8417431,"height":4,"chars":["󎃮"]},{"type":"bitmap","file":"betterhud:image_image_entity_white_left_25_18.png","ascent":-8417431,"height":4,"chars":["󎃯"]},{"type":"bitmap","file":"betterhud:image_image_entity_white_left_25_19.png","ascent":-8417431,"height":4,"chars":["󎃰"]},{"type":"bitmap","file":"betterhud:image_image_entity_white_left_25_20.png","ascent":-8417431,"height":4,"chars":["󎃱"]},{"type":"bitmap","file":"betterhud:image_image_entity_white_left_25_21.png","ascent":-8417431,"height":4,"chars":["󎃲"]},{"type":"bitmap","file":"betterhud:image_image_entity_white_left_25_22.png","ascent":-8417431,"height":4,"chars":["󎃳"]},{"type":"bitmap","file":"betterhud:image_image_entity_white_left_25_23.png","ascent":-8417431,"height":4,"chars":["󎃴"]},{"type":"bitmap","file":"betterhud:image_image_entity_white_left_25_24.png","ascent":-8417431,"height":4,"chars":["󎃵"]},{"type":"bitmap","file":"betterhud:image_image_entity_white_left_25_25.png","ascent":-8417431,"height":4,"chars":["󎃶"]},{"type":"bitmap","file":"betterhud:image_image_entity_red_left_25_1.png","ascent":-8417431,"height":4,"chars":["󎃷"]},{"type":"bitmap","file":"betterhud:image_image_entity_red_left_25_2.png","ascent":-8417431,"height":4,"chars":["󎃸"]},{"type":"bitmap","file":"betterhud:image_image_entity_red_left_25_3.png","ascent":-8417431,"height":4,"chars":["󎃹"]},{"type":"bitmap","file":"betterhud:image_image_entity_red_left_25_4.png","ascent":-8417431,"height":4,"chars":["󎃺"]},{"type":"bitmap","file":"betterhud:image_image_entity_red_left_25_5.png","ascent":-8417431,"height":4,"chars":["󎃻"]},{"type":"bitmap","file":"betterhud:image_image_entity_red_left_25_6.png","ascent":-8417431,"height":4,"chars":["󎃼"]},{"type":"bitmap","file":"betterhud:image_image_entity_red_left_25_7.png","ascent":-8417431,"height":4,"chars":["󎃽"]},{"type":"bitmap","file":"betterhud:image_image_entity_red_left_25_8.png","ascent":-8417431,"height":4,"chars":["󎃾"]},{"type":"bitmap","file":"betterhud:image_image_entity_red_left_25_9.png","ascent":-8417431,"height":4,"chars":["󎃿"]},{"type":"bitmap","file":"betterhud:image_image_entity_red_left_25_10.png","ascent":-8417431,"height":4,"chars":["󎄀"]},{"type":"bitmap","file":"betterhud:image_image_entity_red_left_25_11.png","ascent":-8417431,"height":4,"chars":["󎄁"]},{"type":"bitmap","file":"betterhud:image_image_entity_red_left_25_12.png","ascent":-8417431,"height":4,"chars":["󎄂"]},{"type":"bitmap","file":"betterhud:image_image_entity_red_left_25_13.png","ascent":-8417431,"height":4,"chars":["󎄃"]},{"type":"bitmap","file":"betterhud:image_image_entity_red_left_25_14.png","ascent":-8417431,"height":4,"chars":["󎄄"]},{"type":"bitmap","file":"betterhud:image_image_entity_red_left_25_15.png","ascent":-8417431,"height":4,"chars":["󎄅"]},{"type":"bitmap","file":"betterhud:image_image_entity_red_left_25_16.png","ascent":-8417431,"height":4,"chars":["󎄆"]},{"type":"bitmap","file":"betterhud:image_image_entity_red_left_25_17.png","ascent":-8417431,"height":4,"chars":["󎄇"]},{"type":"bitmap","file":"betterhud:image_image_entity_red_left_25_18.png","ascent":-8417431,"height":4,"chars":["󎄈"]},{"type":"bitmap","file":"betterhud:image_image_entity_red_left_25_19.png","ascent":-8417431,"height":4,"chars":["󎄉"]},{"type":"bitmap","file":"betterhud:image_image_entity_red_left_25_20.png","ascent":-8417431,"height":4,"chars":["󎄊"]},{"type":"bitmap","file":"betterhud:image_image_entity_red_left_25_21.png","ascent":-8417431,"height":4,"chars":["󎄋"]},{"type":"bitmap","file":"betterhud:image_image_entity_red_left_25_22.png","ascent":-8417431,"height":4,"chars":["󎄌"]},{"type":"bitmap","file":"betterhud:image_image_entity_red_left_25_23.png","ascent":-8417431,"height":4,"chars":["󎄍"]},{"type":"bitmap","file":"betterhud:image_image_entity_red_left_25_24.png","ascent":-8417431,"height":4,"chars":["󎄎"]},{"type":"bitmap","file":"betterhud:image_image_entity_red_left_25_25.png","ascent":-8417431,"height":4,"chars":["󎄏"]}]}