{"model":{"type":"range_dispatch","property":"custom_model_data","index":0,"fallback":{"type":"minecraft:model","model":"minecraft:item/cooked_porkchop"},"entries":[{"threshold":10000,"model":{"type":"model","model":"iasurvival:item/ia_auto/pizza"}},{"threshold":10001,"model":{"type":"model","model":"iasurvival:item/ia_auto/sliced_raw_beef"}},{"threshold":10002,"model":{"type":"model","model":"iasurvival:item/ia_auto/pufferfish_nigiri"}},{"threshold":10003,"model":{"type":"model","model":"iasurvival:item/ia_auto/broken_egg"}},{"threshold":10004,"model":{"type":"model","model":"iasurvival:item/ia_auto/tuna"}},{"threshold":10005,"model":{"type":"model","model":"iasurvival:item/ia_auto/donut_base"}},{"threshold":10006,"model":{"type":"model","model":"iasurvival:item/ia_auto/sliced_bread"}},{"threshold":10007,"model":{"type":"model","model":"iasurvival:item/ia_auto/chips"}},{"threshold":10008,"model":{"type":"model","model":"iasurvival:item/ia_auto/sliced_roast_beef"}},{"threshold":10009,"model":{"type":"model","model":"iasurvival:item/ia_auto/sliced_baguette"}},{"threshold":10010,"model":{"type":"model","model":"iasurvival:item/ia_auto/cooked_blue_parrotfish"}},{"threshold":10011,"model":{"type":"model","model":"iasurvival:item/ia_auto/sweet_stick"}},{"threshold":10012,"model":{"type":"model","model":"iasurvival:item/ia_auto/sweet"}},{"threshold":10013,"model":{"type":"model","model":"iasurvival:item/ia_auto/sliced_bread_with_pear_jam"}},{"threshold":10014,"model":{"type":"model","model":"iasurvival:item/ia_auto/hotdog"}},{"threshold":10015,"model":{"type":"model","model":"iasurvival:item/ia_auto/potato_sticks"}},{"threshold":10016,"model":{"type":"model","model":"iasurvival:item/ia_auto/cooked_sausage"}},{"threshold":10017,"model":{"type":"model","model":"iasurvival:item/ia_auto/sliced_bread_with_sweet_berries_jam"}},{"threshold":10018,"model":{"type":"model","model":"iasurvival:item/ia_auto/french_fries"}},{"threshold":10019,"model":{"type":"model","model":"iasurvival:item/ia_auto/sausage"}},{"threshold":10020,"model":{"type":"model","model":"iasurvival:item/ia_auto/hamburger"}},{"threshold":10021,"model":{"type":"model","model":"iasurvival:item/ia_auto/cooked_black_moor_goldfish"}},{"threshold":10022,"model":{"type":"model","model":"iasurvival:item/ia_auto/cooked_tuna"}},{"threshold":10023,"model":{"type":"model","model":"iasurvival:item/ia_auto/salmon_nigiri"}},{"threshold":10024,"model":{"type":"model","model":"iasurvival:item/ia_auto/sliced_cheese"}},{"threshold":10025,"model":{"type":"model","model":"iasurvival:item/ia_auto/cooked_donut_base"}},{"threshold":10026,"model":{"type":"model","model":"iasurvival:item/ia_auto/pink_donut"}},{"threshold":10027,"model":{"type":"model","model":"iasurvival:item/ia_auto/fried_potato_sticks"}},{"threshold":10028,"model":{"type":"model","model":"iasurvival:item/ia_auto/baguette"}},{"threshold":10029,"model":{"type":"model","model":"iasurvival:item/ia_auto/cod_nigiri"}},{"threshold":10030,"model":{"type":"model","model":"iasurvival:item/ia_auto/nether_donut"}},{"threshold":10031,"model":{"type":"model","model":"iasurvival:item/ia_auto/cooked_goldfish"}},{"threshold":10032,"model":{"type":"model","model":"iasurvival:item/ia_auto/goldfish"}},{"threshold":10033,"model":{"type":"model","model":"iasurvival:item/ia_auto/tropical_fish_nigiri"}},{"threshold":10034,"model":{"type":"model","model":"iasurvival:item/ia_auto/fried_egg"}},{"threshold":10035,"model":{"type":"model","model":"iasurvival:item/ia_auto/peeled_potato"}},{"threshold":10036,"model":{"type":"model","model":"iasurvival:item/ia_auto/blue_parrotfish"}},{"threshold":10037,"model":{"type":"model","model":"iasurvival:item/ia_auto/black_moor_goldfish"}},{"threshold":10038,"model":{"type":"model","model":"iasurvival:item/ia_auto/sliced_bread_with_apple_jam"}},{"threshold":10039,"model":{"type":"model","model":"iasurvival:item/ia_auto/cheese"}},{"threshold":10040,"model":{"type":"model","model":"iasurvival:item/ia_auto/taco"}},{"threshold":10041,"model":{"type":"model","model":"iasurvival:item/ia_auto/green_sunfish"}},{"threshold":10042,"model":{"type":"model","model":"iasurvival:item/ia_auto/cooked_green_sunfish"}},{"threshold":10043,"model":{"type":"model","model":"item/cooked_porkchop"}}]},"oversized_in_gui":true}