{"model":{"type":"range_dispatch","property":"custom_model_data","index":0,"fallback":{"type":"minecraft:model","model":"minecraft:item/iron_ingot"},"entries":[{"threshold":10000,"model":{"type":"model","model":"iasurvival:item/ia_auto/aqua_aura"}},{"threshold":10001,"model":{"type":"model","model":"iasurvival:item/ia_auto/raw_tin_and_copper_ingot_dust"}},{"threshold":10002,"model":{"type":"model","model":"iasurvival:item/ia_auto/fossil"}},{"threshold":10003,"model":{"type":"model","model":"iasurvival:item/ia_auto/ruby"}},{"threshold":10004,"model":{"type":"model","model":"iasurvival:item/ia_auto/spinel"}},{"threshold":10005,"model":{"type":"model","model":"iasurvival:item/ia_auto/raw_tin"}},{"threshold":10006,"model":{"type":"model","model":"iasurvival:item/ia_auto/end_crystals"}},{"threshold":10007,"model":{"type":"model","model":"iasurvival:item/ia_auto/cassiterite"}},{"threshold":10008,"model":{"type":"model","model":"iasurvival:item/ia_auto/end_shard"}},{"threshold":10009,"model":{"type":"model","model":"iasurvival:item/ia_auto/bronze_ingot"}},{"threshold":10010,"model":{"type":"model","model":"iasurvival:item/ia_auto/turquoise"}},{"threshold":10011,"model":{"type":"model","model":"iasurvival:item/ia_auto/dark_amethyst"}},{"threshold":10012,"model":{"type":"model","model":"iaalchemy:item/ia_auto/mysterious_material"}},{"threshold":10013,"model":{"type":"model","model":"iasurvival:item/ia_auto/dark_amethyst_prism"}},{"threshold":10014,"model":{"type":"model","model":"iasurvival:item/ia_auto/end_ingot"}},{"threshold":10015,"model":{"type":"model","model":"iasurvival:item/ia_auto/knowledge_fragment"}},{"threshold":10016,"model":{"type":"model","model":"iasurvival:item/ia_auto/cassiterite_fragment"}},{"threshold":10017,"model":{"type":"model","model":"iasurvival:item/ia_auto/crystal"}},{"threshold":10018,"model":{"type":"model","model":"item/iron_ingot"}}]},"oversized_in_gui":true}