{"model":{"type":"range_dispatch","property":"custom_model_data","index":0,"fallback":{"type":"minecraft:model","model":"minecraft:item/iron_sword"},"entries":[{"threshold":10000,"model":{"type":"model","model":"iaalchemy:item/ia_auto/philosopher_stone"}},{"threshold":10001,"model":{"type":"model","model":"ax_emerald_set:item/ia_auto/emerald_sword"}},{"threshold":10002,"model":{"type":"model","model":"rpgarmory:item/ia_auto/sword1"}},{"threshold":10003,"model":{"type":"model","model":"rpgarmory:item/ia_auto/sword2"}},{"threshold":10004,"model":{"type":"model","model":"rpgarmory:item/ia_auto/sword3"}},{"threshold":10005,"model":{"type":"model","model":"rpgarmory:item/ia_auto/sword4"}},{"threshold":10006,"model":{"type":"model","model":"rpgarmory:item/ia_auto/sword5"}},{"threshold":10007,"model":{"type":"model","model":"rpgarmory:item/ia_auto/sword6"}},{"threshold":10008,"model":{"type":"model","model":"rpgarmory:item/ia_auto/sword7"}},{"threshold":10009,"model":{"type":"model","model":"rpgarmory:item/ia_auto/sword8"}},{"threshold":10010,"model":{"type":"model","model":"rpgarmory:item/ia_auto/sword9"}},{"threshold":10011,"model":{"type":"model","model":"rpgarmory:item/ia_auto/sword10"}},{"threshold":10012,"model":{"type":"model","model":"rpgarmory:item/ia_auto/sword11"}},{"threshold":10013,"model":{"type":"model","model":"rpgarmory:item/ia_auto/sword12"}},{"threshold":10014,"model":{"type":"model","model":"rpgarmory:item/ia_auto/sword13"}},{"threshold":10015,"model":{"type":"model","model":"rpgarmory:item/ia_auto/sword14"}},{"threshold":10016,"model":{"type":"model","model":"rpgarmory:item/ia_auto/sword15"}},{"threshold":10017,"model":{"type":"model","model":"rpgarmory:item/ia_auto/sword16"}},{"threshold":10018,"model":{"type":"model","model":"rpgarmory:item/ia_auto/sword17"}},{"threshold":10019,"model":{"type":"model","model":"rpgarmory:item/ia_auto/sword18"}},{"threshold":10020,"model":{"type":"model","model":"rpgarmory:item/ia_auto/sword19"}},{"threshold":10021,"model":{"type":"model","model":"rpgarmory:item/ia_auto/sword20"}},{"threshold":10022,"model":{"type":"model","model":"rpgarmory:item/ia_auto/sword21"}},{"threshold":10023,"model":{"type":"model","model":"rpgarmory:item/ia_auto/sword22"}},{"threshold":10024,"model":{"type":"model","model":"rpgarmory:item/ia_auto/sword23"}},{"threshold":10025,"model":{"type":"model","model":"rpgarmory:item/ia_auto/sword24"}},{"threshold":10026,"model":{"type":"model","model":"rpgarmory:item/ia_auto/sword25"}},{"threshold":10027,"model":{"type":"model","model":"rpgarmory:item/ia_auto/sword26"}},{"threshold":10028,"model":{"type":"model","model":"rpgarmory:item/ia_auto/sword27"}},{"threshold":10029,"model":{"type":"model","model":"swordpack:item/ia_auto/sword1"}},{"threshold":10030,"model":{"type":"model","model":"swordpack:item/ia_auto/sword2"}},{"threshold":10031,"model":{"type":"model","model":"swordpack:item/ia_auto/sword3"}},{"threshold":10032,"model":{"type":"model","model":"swordpack:item/ia_auto/sword4"}},{"threshold":10033,"model":{"type":"model","model":"swordpack:item/ia_auto/sword5"}},{"threshold":10034,"model":{"type":"model","model":"swordpack:item/ia_auto/sword6"}},{"threshold":10035,"model":{"type":"model","model":"swordpack:item/ia_auto/sword7"}},{"threshold":10036,"model":{"type":"model","model":"swordpack:item/ia_auto/sword8"}},{"threshold":10037,"model":{"type":"model","model":"iasurvival:item/ia_auto/sweet_berries_jam_jar"}},{"threshold":10038,"model":{"type":"model","model":"iasurvival:item/ia_auto/pear_jam_jar"}},{"threshold":10039,"model":{"type":"model","model":"iasurvival:item/ia_auto/apple_jam_jar"}},{"threshold":10040,"model":{"type":"model","model":"iaalchemy:item/ia_auto/healing_crystals"}},{"threshold":10041,"model":{"type":"model","model":"item/iron_sword"}}]},"oversized_in_gui":true}