{"textures​":{"layer0":"minecraft:item/warped_roots"},"\u0074\u0065\u0078\u0074\u0075\u0072\u0065\u0073":{"3":"\u0062\u006c\u006f\u0063\u006b/\u0067\u0072\u0061\u0079_\u0063\u006f\u006e\u0063\u0072\u0065\u0074\u0065","4":"\u0062\u006c\u006f\u0063\u006b/\u0077\u0068\u0069\u0074\u0065_\u0063\u006f\u006e\u0063\u0072\u0065\u0074\u0065","7":"\u0062\u006c\u006f\u0063\u006b/\u0072\u0065\u0064_\u0063\u006f\u006e\u0063\u0072\u0065\u0074\u0065","8":"\u0069\u0061\u0061\u006c\u0063\u0068\u0065\u006d\u0079:\u0069\u0074\u0065\u006d/\u0061\u006c\u0063\u0068\u0065\u006d\u0079_\u0063\u0061\u006e\u0064\u006c\u0065\u0073/\u0066\u0069\u0072\u0065","\u0070\u0061\u0072\u0074\u0069\u0063\u006c\u0065":"\u0062\u006c\u006f\u0063\u006b/\u0067\u0072\u0061\u0079_\u0063\u006f\u006e\u0063\u0072\u0065\u0074\u0065"},"elements":[{"name":"fire0","from":[3.9,4.2,9.6],"to":[4.3,5.3,9.6],"faces":{"north":{"uv":[0,0,15.8,16],"texture":"#8"},"east":{"uv":[0,0,2.8,3],"texture":"#8"},"south":{"uv":[0,0,15.8,16],"texture":"#8"},"west":{"uv":[0,0,2.8,3],"texture":"#8"},"up":{"uv":[0,0,2.8,3],"texture":"#8"},"down":{"uv":[0,0,2.8,3],"texture":"#8"}}},{"name":"fire1","from":[4.08055,4.19035,9.42908],"to":[4.08055,5.29035,9.82908],"faces":{"north":{"uv":[0,0,2.8,3],"texture":"#8"},"east":{"uv":[0,0,15.8,16],"texture":"#8"},"south":{"uv":[0,0,2.8,3],"texture":"#8"},"west":{"uv":[0,0,15.8,16],"texture":"#8"},"up":{"uv":[0,0,2.8,3],"rotation":270,"texture":"#8"},"down":{"uv":[0,0,2.8,3],"rotation":90,"texture":"#8"}}},{"from":[4,2.5,9.8],"to":[4.1,4.2,9.9],"rotation":{"angle":-45,"axis":"y","origin":[4.365,2.315,9.82]},"faces":{"north":{"uv":[0,0,1,1],"texture":"#3"},"east":{"uv":[0,0,1,1],"texture":"#3"},"south":{"uv":[0,0,1,1],"texture":"#3"},"west":{"uv":[0,0,1,1],"texture":"#3"},"up":{"uv":[0,0,1,1],"texture":"#3"},"down":{"uv":[0,0,1,1],"texture":"#3"}}},{"from":[3,0,8.9],"to":[5,4,10.9],"rotation":{"angle":-45,"axis":"y","origin":[4.365,2.315,9.82]},"faces":{"north":{"uv":[0,0,1,1],"texture":"#4"},"east":{"uv":[0,0,1,1],"texture":"#4"},"south":{"uv":[0,0,1,1],"texture":"#4"},"west":{"uv":[0,0,1,1],"texture":"#4"},"up":{"uv":[0,0,1,1],"texture":"#4"},"down":{"uv":[0,0,1,1],"texture":"#4"}}},{"from":[2,0,7.9],"to":[3,1,10.9],"rotation":{"angle":-45,"axis":"y","origin":[4.365,2.315,9.82]},"faces":{"north":{"uv":[0,0,1,1],"texture":"#4"},"east":{"uv":[0,0,1,1],"texture":"#4"},"south":{"uv":[0,0,1,1],"texture":"#4"},"west":{"uv":[0,0,1,1],"texture":"#4"},"up":{"uv":[0,0,1,1],"texture":"#4"},"down":{"uv":[0,0,1,1],"texture":"#4"}}},{"from":[3,0,7.9],"to":[3.9,1,8.9],"rotation":{"angle":-45,"axis":"y","origin":[4.365,2.315,9.82]},"faces":{"north":{"uv":[0,0,1,1],"texture":"#4"},"east":{"uv":[0,0,1,1],"texture":"#4"},"south":{"uv":[0,0,1,1],"texture":"#4"},"west":{"uv":[0,0,1,1],"texture":"#4"},"up":{"uv":[0,0,1,1],"texture":"#4"},"down":{"uv":[0,0,1,1],"texture":"#4"}}},{"from":[5,1.5,10.3],"to":[5.4,3.8,10.9],"rotation":{"angle":-45,"axis":"y","origin":[4.365,2.315,9.82]},"faces":{"north":{"uv":[0,0,1,1],"texture":"#4"},"east":{"uv":[0,0,1,1],"texture":"#4"},"south":{"uv":[0,0,1,1],"texture":"#4"},"west":{"uv":[0,0,1,1],"texture":"#4"},"up":{"uv":[0,0,1,1],"texture":"#4"},"down":{"uv":[0,0,1,1],"texture":"#4"}}},{"from":[4.8,3.2,9.7],"to":[5.4,3.8,10.3],"rotation":{"angle":-45,"axis":"y","origin":[4.365,2.315,9.82]},"faces":{"north":{"uv":[0,0,1,1],"texture":"#4"},"east":{"uv":[0,0,1,1],"texture":"#4"},"south":{"uv":[0,0,1,1],"texture":"#4"},"west":{"uv":[0,0,1,1],"texture":"#4"},"up":{"uv":[0,0,1,1],"texture":"#4"},"down":{"uv":[0,0,1,1],"texture":"#4"}}},{"from":[4.6,1.5,8.5],"to":[5,3.8,8.9],"rotation":{"angle":-45,"axis":"y","origin":[4.365,2.315,9.82]},"faces":{"north":{"uv":[0,0,1,1],"texture":"#4"},"east":{"uv":[0,0,1,1],"texture":"#4"},"south":{"uv":[0,0,1,1],"texture":"#4"},"west":{"uv":[0,0,1,1],"texture":"#4"},"up":{"uv":[0,0,1,1],"texture":"#4"},"down":{"uv":[0,0,1,1],"texture":"#4"}}},{"from":[4,3.2,8.5],"to":[4.6,3.8,9],"rotation":{"angle":-45,"axis":"y","origin":[4.365,2.315,9.82]},"faces":{"north":{"uv":[0,0,1,1],"texture":"#4"},"east":{"uv":[0,0,1,1],"texture":"#4"},"south":{"uv":[0,0,1,1],"texture":"#4"},"west":{"uv":[0,0,1,1],"texture":"#4"},"up":{"uv":[0,0,1,1],"texture":"#4"},"down":{"uv":[0,0,1,1],"texture":"#4"}}},{"from":[3.7,0,9.9],"to":[5.4,1,11.5],"rotation":{"angle":-45,"axis":"y","origin":[4.365,2.315,9.82]},"faces":{"north":{"uv":[0,0,1,1],"texture":"#4"},"east":{"uv":[0,0,1,1],"texture":"#4"},"south":{"uv":[0,0,1,1],"texture":"#4"},"west":{"uv":[0,0,1,1],"texture":"#4"},"up":{"uv":[0,0,1,1],"texture":"#4"},"down":{"uv":[0,0,1,1],"texture":"#4"}}},{"from":[5.4,0,9.9],"to":[5.9,0.4,10.9],"rotation":{"angle":-45,"axis":"y","origin":[4.365,2.315,9.82]},"faces":{"north":{"uv":[0,0,1,1],"texture":"#4"},"east":{"uv":[0,0,1,1],"texture":"#4"},"south":{"uv":[0,0,1,1],"texture":"#4"},"west":{"uv":[0,0,1,1],"texture":"#4"},"up":{"uv":[0,0,1,1],"texture":"#4"},"down":{"uv":[0,0,1,1],"texture":"#4"}}},{"name":"fire0","from":[3.8,6.3,3.1],"to":[4.4,7.4,3.1],"faces":{"north":{"uv":[0,0,15.8,16],"texture":"#8"},"east":{"uv":[0,0,2.8,3],"texture":"#8"},"south":{"uv":[0,0,15.8,16],"texture":"#8"},"west":{"uv":[0,0,2.8,3],"texture":"#8"},"up":{"uv":[0,0,2.8,3],"texture":"#8"},"down":{"uv":[0,0,2.8,3],"texture":"#8"}}},{"name":"fire1","from":[4.08055,6.29035,2.72908],"to":[4.08055,7.39035,3.32908],"faces":{"north":{"uv":[0,0,2.8,3],"texture":"#8"},"east":{"uv":[0,0,15.8,16],"texture":"#8"},"south":{"uv":[0,0,2.8,3],"texture":"#8"},"up":{"uv":[0,0,2.8,3],"rotation":270,"texture":"#8"},"down":{"uv":[0,0,2.8,3],"rotation":90,"texture":"#8"}}},{"from":[4,5,2.9],"to":[4.1,6.7,3],"rotation":{"angle":22.5,"axis":"y","origin":[4.365,3.755,2.92]},"faces":{"north":{"uv":[0,0,1,1],"texture":"#3"},"east":{"uv":[0,0,1,1],"texture":"#3"},"south":{"uv":[0,0,1,1],"texture":"#3"},"west":{"uv":[0,0,1,1],"texture":"#3"},"up":{"uv":[0,0,1,1],"texture":"#3"},"down":{"uv":[0,0,1,1],"texture":"#3"}}},{"from":[3,0,2],"to":[5,6,4],"rotation":{"angle":22.5,"axis":"y","origin":[4.365,3.755,2.92]},"faces":{"north":{"uv":[0,0,1,1],"texture":"#4"},"east":{"uv":[0,0,1,1],"texture":"#4"},"south":{"uv":[0,0,1,1],"texture":"#4"},"west":{"uv":[0,0,1,1],"texture":"#4"},"up":{"uv":[0,0,1,1],"texture":"#4"},"down":{"uv":[0,0,1,1],"texture":"#4"}}},{"from":[2,0,1],"to":[4,1,3.9],"rotation":{"angle":22.5,"axis":"y","origin":[4.365,3.755,2.92]},"faces":{"north":{"uv":[0,0,1,1],"texture":"#4"},"east":{"uv":[0,0,1,1],"texture":"#4"},"south":{"uv":[0,0,1,1],"texture":"#4"},"west":{"uv":[0,0,1,1],"texture":"#4"},"up":{"uv":[0,0,1,1],"texture":"#4"},"down":{"uv":[0,0,1,1],"texture":"#4"}}},{"from":[4.8,3.6,3.4],"to":[5.4,5.9,3.99],"rotation":{"angle":22.5,"axis":"y","origin":[4.365,3.755,2.92]},"faces":{"north":{"uv":[0,0,1,1],"texture":"#4"},"east":{"uv":[0,0,16,16],"texture":"#4"},"south":{"uv":[0,0,16,16],"texture":"#4"},"west":{"uv":[0,0,16,16],"texture":"#4"},"up":{"uv":[0,0,16,16],"texture":"#4"},"down":{"uv":[0,0,16,16],"texture":"#4"}}},{"from":[4.8,5.3,2.8],"to":[5.4,5.9,3.4],"rotation":{"angle":22.5,"axis":"y","origin":[4.365,3.755,2.92]},"faces":{"north":{"uv":[0,0,1,1],"texture":"#4"},"east":{"uv":[0,0,16,16],"texture":"#4"},"south":{"uv":[0,0,16,16],"texture":"#4"},"west":{"uv":[0,0,16,16],"texture":"#4"},"up":{"uv":[0,0,16,16],"texture":"#4"},"down":{"uv":[0,0,16,16],"texture":"#4"}}},{"from":[4.6,3.6,1.6],"to":[5,5.9,2],"rotation":{"angle":22.5,"axis":"y","origin":[4.365,3.755,2.92]},"faces":{"north":{"uv":[0,0,1,1],"texture":"#4"},"east":{"uv":[0,0,16,16],"texture":"#4"},"south":{"uv":[0,0,16,16],"texture":"#4"},"west":{"uv":[0,0,16,16],"texture":"#4"},"up":{"uv":[0,0,16,16],"texture":"#4"},"down":{"uv":[0,0,16,16],"texture":"#4"}}},{"from":[4,5.3,1.6],"to":[4.6,5.9,2],"rotation":{"angle":22.5,"axis":"y","origin":[4.365,3.755,2.92]},"faces":{"north":{"uv":[0,0,1,1],"texture":"#4"},"east":{"uv":[0,0,16,16],"texture":"#4"},"south":{"uv":[0,0,16,16],"texture":"#4"},"west":{"uv":[0,0,16,16],"texture":"#4"},"up":{"uv":[0,0,16,16],"texture":"#4"},"down":{"uv":[0,0,16,16],"texture":"#4"}}},{"from":[3.7,0,3],"to":[5.4,1,4.6],"rotation":{"angle":22.5,"axis":"y","origin":[4.365,3.755,2.92]},"faces":{"north":{"uv":[0,0,1,1],"texture":"#4"},"east":{"uv":[0,0,1,1],"texture":"#4"},"south":{"uv":[0,0,1,1],"texture":"#4"},"west":{"uv":[0,0,1,1],"texture":"#4"},"up":{"uv":[0,0,1,1],"texture":"#4"},"down":{"uv":[0,0,1,1],"texture":"#4"}}},{"from":[3.7,0,3.1],"to":[5.9,0.4,4],"rotation":{"angle":22.5,"axis":"y","origin":[4.365,3.755,2.92]},"faces":{"north":{"uv":[0,0,1,1],"texture":"#4"},"east":{"uv":[0,0,1,1],"texture":"#4"},"south":{"uv":[0,0,16,16],"texture":"#4"},"west":{"uv":[0,0,16,16],"texture":"#4"},"up":{"uv":[0,0,16,16],"texture":"#4"},"down":{"uv":[0,0,16,16],"texture":"#4"}}},{"from":[11.95693,5,3.84396],"to":[12.05693,6.7,3.94396],"rotation":{"angle":22.5,"axis":"y","origin":[13.43693,3.755,5.30896]},"faces":{"north":{"uv":[0,0,1,1],"texture":"#3"},"east":{"uv":[0,0,16,16],"texture":"#3"},"south":{"uv":[0,0,16,16],"texture":"#3"},"west":{"uv":[0,0,16,16],"texture":"#3"},"up":{"uv":[0,0,16,16],"rotation":90,"texture":"#3"},"down":{"uv":[0,0,16,16],"rotation":270,"texture":"#3"}}},{"from":[10.95693,0,2.84396],"to":[12.95693,6,4.84396],"rotation":{"angle":22.5,"axis":"y","origin":[13.43693,3.755,5.30896]},"faces":{"north":{"uv":[0,0,1,1],"texture":"#7"},"east":{"uv":[0,0,1,1],"texture":"#7"},"south":{"uv":[0,0,1,1],"texture":"#7"},"west":{"uv":[0,0,1,1],"texture":"#7"},"up":{"uv":[0,0,1,1],"texture":"#7"},"down":{"uv":[0,0,1,1],"texture":"#7"}}},{"from":[11.05693,0,1.84396],"to":[13.95693,1,3.84396],"rotation":{"angle":22.5,"axis":"y","origin":[13.43693,3.755,5.30896]},"faces":{"north":{"uv":[0,0,1,1],"texture":"#7"},"east":{"uv":[0,0,1,1],"texture":"#7"},"south":{"uv":[0,0,1,1],"texture":"#7"},"west":{"uv":[0,0,1,1],"texture":"#7"},"up":{"uv":[0,0,1,1],"texture":"#7"},"down":{"uv":[0,0,1,1],"texture":"#7"}}},{"from":[10.95693,3.6,4.84396],"to":[11.55693,5.9,5.24396],"rotation":{"angle":22.5,"axis":"y","origin":[13.43693,3.755,5.30896]},"faces":{"north":{"uv":[0,0,1,1],"texture":"#7"},"east":{"uv":[0,0,1,1],"texture":"#7"},"south":{"uv":[0,0,1,1],"texture":"#7"},"west":{"uv":[0,0,1,1],"texture":"#7"},"up":{"uv":[0,0,1,1],"texture":"#7"},"down":{"uv":[0,0,1,1],"texture":"#7"}}},{"from":[11.55693,5.3,4.64396],"to":[12.15693,5.9,5.24396],"rotation":{"angle":22.5,"axis":"y","origin":[13.43693,3.755,5.30896]},"faces":{"north":{"uv":[0,0,1,1],"texture":"#7"},"east":{"uv":[0,0,1,1],"texture":"#7"},"south":{"uv":[0,0,1,1],"texture":"#7"},"west":{"uv":[0,0,1,1],"texture":"#7"},"up":{"uv":[0,0,1,1],"texture":"#7"},"down":{"uv":[0,0,1,1],"texture":"#7"}}},{"from":[12.95693,3.6,4.44396],"to":[13.35693,5.9,4.84396],"rotation":{"angle":22.5,"axis":"y","origin":[13.43693,3.755,5.30896]},"faces":{"north":{"uv":[0,0,1,1],"texture":"#7"},"east":{"uv":[0,0,1,1],"texture":"#7"},"south":{"uv":[0,0,1,1],"texture":"#7"},"west":{"uv":[0,0,1,1],"texture":"#7"},"up":{"uv":[0,0,1,1],"texture":"#7"},"down":{"uv":[0,0,1,1],"texture":"#7"}}},{"from":[12.85693,5.3,3.84396],"to":[13.35693,5.9,4.44396],"rotation":{"angle":22.5,"axis":"y","origin":[13.43693,3.755,5.30896]},"faces":{"north":{"uv":[0,0,1,1],"texture":"#7"},"east":{"uv":[0,0,1,1],"texture":"#7"},"south":{"uv":[0,0,1,1],"texture":"#7"},"west":{"uv":[0,0,1,1],"texture":"#7"},"up":{"uv":[0,0,1,1],"texture":"#7"},"down":{"uv":[0,0,1,1],"texture":"#7"}}},{"from":[10.35693,0,3.54396],"to":[11.95693,1,5.24396],"rotation":{"angle":22.5,"axis":"y","origin":[13.43693,3.755,5.30896]},"faces":{"north":{"uv":[0,0,1,1],"texture":"#7"},"east":{"uv":[0,0,1,1],"texture":"#7"},"south":{"uv":[0,0,1,1],"texture":"#7"},"west":{"uv":[0,0,1,1],"texture":"#7"},"up":{"uv":[0,0,1,1],"texture":"#7"},"down":{"uv":[0,0,1,1],"texture":"#7"}}},{"from":[10.95693,0,3.54396],"to":[11.85693,0.4,5.74396],"rotation":{"angle":22.5,"axis":"y","origin":[13.43693,3.755,5.30896]},"faces":{"north":{"uv":[0,0,1,1],"texture":"#7"},"east":{"uv":[0,0,1,1],"texture":"#7"},"south":{"uv":[0,0,1,1],"texture":"#7"},"west":{"uv":[0,0,1,1],"texture":"#7"},"up":{"uv":[0,0,1,1],"texture":"#7"},"down":{"uv":[0,0,1,1],"texture":"#7"}}},{"name":"fire0","from":[11.4,6.4,4.5],"to":[11.8,7.5,4.5],"faces":{"north":{"uv":[0,0,15.8,16],"texture":"#8"},"east":{"uv":[0,0,2.8,3],"texture":"#8"},"south":{"uv":[0,0,15.8,16],"texture":"#8"},"west":{"uv":[0,0,2.8,3],"texture":"#8"},"up":{"uv":[0,0,2.8,3],"texture":"#8"},"down":{"uv":[0,0,2.8,3],"texture":"#8"}}},{"name":"fire1","from":[11.58055,6.39035,4.32908],"to":[11.58055,7.49035,4.72908],"faces":{"north":{"uv":[0,0,2.8,3],"texture":"#8"},"east":{"uv":[0,0,15.8,16],"texture":"#8"},"south":{"uv":[0,0,2.8,3],"texture":"#8"},"up":{"uv":[0,0,2.8,3],"rotation":270,"texture":"#8"},"down":{"uv":[0,0,2.8,3],"rotation":90,"texture":"#8"}}}],"display":{"thirdperson_righthand":{"rotation":[-1,-32,0],"translation":[0,2.75,2.25],"scale":[0.35,0.35,0.35]},"firstperson_righthand":{"translation":[3.75,3.25,1.25],"scale":[0.3,0.3,0.3]},"firstperson_lefthand":{"rotation":[0,35,0],"translation":[1.25,1.75,1],"scale":[0.3,0.3,0.3]},"ground":{"translation":[0,4.75,0],"scale":[0.2,0.2,0.2]},"gui":{"rotation":[25,45,0],"translation":[4.75,5.5,0],"scale":[1.4,1.4,1.4]},"head":{"translation":[0,-16.5,0],"scale":[2,2,2]},"fixed":{"translation":[0,-0.75,2.25],"scale":[0.7,0.7,0.7]}},"gui_light":"front"}