{"textures​":{"layer0":"minecraft:item/green_glazed_terracotta"},"\u0074\u0065\u0078\u0074\u0075\u0072\u0065\u0073":{"0":"\u0062\u006c\u006f\u0063\u006b/\u0073\u0074\u006f\u006e\u0065_\u0062\u0072\u0069\u0063\u006b\u0073","1":"\u0069\u0061\u0061\u006c\u0063\u0068\u0065\u006d\u0079:\u0066\u0075\u0072\u006e\u0069\u0074\u0075\u0072\u0065/\u006d\u0079\u0073\u0074\u0065\u0072\u0069\u006f\u0075\u0073_\u0073\u0074\u006f\u006e\u0065/\u0073\u0079\u006d\u0062\u006f\u006c\u0073","\u0070\u0061\u0072\u0074\u0069\u0063\u006c\u0065":"\u0062\u006c\u006f\u0063\u006b/\u0073\u0074\u006f\u006e\u0065_\u0062\u0072\u0069\u0063\u006b\u0073"},"elements":[{"from":[0,0,0],"to":[16,4,16],"faces":{"north":{"uv":[0,0,16,8],"texture":"#0"},"east":{"uv":[0,0,16,8],"texture":"#0"},"south":{"uv":[0,0,16,8],"texture":"#0"},"west":{"uv":[0,0,16,8],"texture":"#0"},"up":{"uv":[0,0,16,8],"texture":"#0"},"down":{"uv":[0,0,16,8],"texture":"#0"}}},{"from":[1,4,1],"to":[15,8,15],"faces":{"north":{"uv":[0,0,16,8],"texture":"#0"},"east":{"uv":[0,0,16,8],"texture":"#0"},"south":{"uv":[0,0,16,8],"texture":"#0"},"west":{"uv":[0,0,16,8],"texture":"#0"},"up":{"uv":[0,0,16,8],"texture":"#0"},"down":{"uv":[0,0,16,8],"texture":"#0"}}},{"from":[1,25,1],"to":[15,28,15],"faces":{"north":{"uv":[0,0,16,8],"texture":"#0"},"east":{"uv":[0,0,16,8],"texture":"#0"},"south":{"uv":[0,0,16,8],"texture":"#0"},"west":{"uv":[0,0,16,8],"texture":"#0"},"up":{"uv":[0,0,16,8],"texture":"#0"},"down":{"uv":[0,0,16,8],"texture":"#0"}}},{"from":[0,28,0],"to":[16,31,16],"faces":{"north":{"uv":[0,0,16,8],"texture":"#0"},"east":{"uv":[0,0,16,8],"texture":"#0"},"south":{"uv":[0,0,16,8],"texture":"#0"},"west":{"uv":[0,0,16,8],"texture":"#0"},"up":{"uv":[0,0,16,8],"texture":"#0"},"down":{"uv":[0,0,16,8],"texture":"#0"}}},{"from":[2,8,2],"to":[14,25,14],"faces":{"north":{"uv":[0,0,16,16],"texture":"#0"},"east":{"uv":[0,0,16,16],"texture":"#0"},"south":{"uv":[0,0,16,16],"texture":"#0"},"west":{"uv":[0,0,16,16],"texture":"#0"},"up":{"uv":[0,0,16,16],"texture":"#0"},"down":{"uv":[0,0,16,16],"texture":"#0"}}},{"from":[14,11,3],"to":[14.1,22,13],"faces":{"north":{"uv":[9.25,2.5,16,16],"texture":"#1"},"east":{"uv":[0,0,8,8],"texture":"#1"},"south":{"uv":[9.25,2.5,16,16],"texture":"#1"},"west":{"uv":[9.25,2.5,16,16],"texture":"#1"},"up":{"uv":[9.25,2.5,16,16],"texture":"#1"},"down":{"uv":[9.25,2.5,16,16],"texture":"#1"}}},{"from":[1.9,11,3],"to":[2,22,13],"faces":{"north":{"uv":[9.25,2.5,16,16],"texture":"#1"},"east":{"uv":[9.25,2.5,16,16],"texture":"#1"},"south":{"uv":[9.25,2.5,16,16],"texture":"#1"},"west":{"uv":[0,0,8,8],"texture":"#1"},"up":{"uv":[9.25,2.5,16,16],"texture":"#1"},"down":{"uv":[9.25,2.5,16,16],"texture":"#1"}}},{"from":[3,11,14],"to":[13,22,14.1],"faces":{"north":{"uv":[9.25,2.5,16,16],"texture":"#1"},"east":{"uv":[9.25,2.5,16,16],"texture":"#1"},"south":{"uv":[0,0,8,8],"texture":"#1"},"west":{"uv":[9.25,2.5,16,16],"texture":"#1"},"up":{"uv":[9.25,2.5,16,16],"rotation":90,"texture":"#1"},"down":{"uv":[9.25,2.5,16,16],"rotation":270,"texture":"#1"}}},{"from":[3,11,1.9],"to":[13,22,2],"faces":{"north":{"uv":[0,0,8,8],"texture":"#1"},"east":{"uv":[9.25,2.5,16,16],"texture":"#1"},"south":{"uv":[9.25,2.5,16,16],"texture":"#1"},"west":{"uv":[9.25,2.5,16,16],"texture":"#1"},"up":{"uv":[9.25,2.5,16,16],"rotation":90,"texture":"#1"},"down":{"uv":[9.25,2.5,16,16],"rotation":270,"texture":"#1"}}}],"display":{"thirdperson_righthand":{"rotation":[69,45,0],"translation":[0.25,2.25,0],"scale":[0.2,0.2,0.2]},"firstperson_righthand":{"rotation":[0,99,0],"translation":[1.75,1.25,2],"scale":[0.2,0.2,0.2]},"ground":{"translation":[0,5,0],"scale":[0.2,0.2,0.2]},"gui":{"rotation":[25,-45,0],"translation":[0,-2.75,0],"scale":[0.4,0.4,0.4]},"head":{"translation":[0,-35.25,0]},"fixed":{"translation":[0,-3.75,0],"scale":[0.5,0.5,0.5]}},"gui_light":"front"}