{"model":{"type":"range_dispatch","property":"custom_model_data","index":0,"fallback":{"type":"minecraft:model","model":"minecraft:item/netherite_pickaxe"},"entries":[{"threshold":10000,"model":{"type":"model","model":"inkless:item/ia_auto/silly_blue_pickaxe"}},{"threshold":10001,"model":{"type":"model","model":"inkless:item/ia_auto/silly_red_pickaxe"}},{"threshold":10002,"model":{"type":"model","model":"inkless:item/ia_auto/silly_green_pickaxe"}},{"threshold":10003,"model":{"type":"model","model":"item/netherite_pickaxe"}}]},"oversized_in_gui":true}