{"textures​":{"2":"\u0069\u0061\u0066\u0065\u0073\u0074\u0069\u0076\u0069\u0074\u0069\u0065\u0073:\u0063\u0068\u0072\u0069\u0073\u0074\u006d\u0061\u0073/\u0063\u0068\u0072\u0069\u0073\u0074\u006d\u0061\u0073_\u0077\u0072\u0065\u0061\u0074\u0068","\u0070\u0061\u0072\u0074\u0069\u0063\u006c\u0065":"\u0069\u0061\u0066\u0065\u0073\u0074\u0069\u0076\u0069\u0074\u0069\u0065\u0073:\u0063\u0068\u0072\u0069\u0073\u0074\u006d\u0061\u0073/\u0063\u0068\u0072\u0069\u0073\u0074\u006d\u0061\u0073_\u0077\u0072\u0065\u0061\u0074\u0068"},"\u0074\u0065\u0078\u0074\u0075\u0072\u0065\u0073":{"2":"\u0069\u0061\u0066\u0065\u0073\u0074\u0069\u0076\u0069\u0074\u0069\u0065\u0073:\u0063\u0068\u0072\u0069\u0073\u0074\u006d\u0061\u0073/\u0063\u0068\u0072\u0069\u0073\u0074\u006d\u0061\u0073_\u0077\u0072\u0065\u0061\u0074\u0068","\u0070\u0061\u0072\u0074\u0069\u0063\u006c\u0065":"\u0069\u0061\u0066\u0065\u0073\u0074\u0069\u0076\u0069\u0074\u0069\u0065\u0073:\u0063\u0068\u0072\u0069\u0073\u0074\u006d\u0061\u0073/\u0063\u0068\u0072\u0069\u0073\u0074\u006d\u0061\u0073_\u0077\u0072\u0065\u0061\u0074\u0068"},"elements":[{"from":[6.7,-0.4,3.4],"to":[7,2.5,6.5],"rotation":{"angle":45,"axis":"x","origin":[6.50803,1.75028,6.34169]},"faces":{"north":{"uv":[3,2,4,3],"texture":"#2"},"east":{"uv":[3,2,4,3],"texture":"#2"},"south":{"uv":[3,2,4,3],"texture":"#2"},"west":{"uv":[3,2,4,3],"texture":"#2"},"up":{"uv":[3,2,4,3],"texture":"#2"},"down":{"uv":[3,2,4,3],"texture":"#2"}}},{"from":[6.7,4.1,7.8],"to":[7,7,10.9],"rotation":{"angle":45,"axis":"x","origin":[6.50803,1.75028,6.34169]},"faces":{"north":{"uv":[3,2,4,3],"texture":"#2"},"east":{"uv":[3,2,4,3],"texture":"#2"},"south":{"uv":[3,2,4,3],"texture":"#2"},"west":{"uv":[3,2,4,3],"texture":"#2"},"up":{"uv":[3,2,4,3],"texture":"#2"},"down":{"uv":[3,2,4,3],"texture":"#2"}}},{"from":[6.5,0.8,6.6],"to":[7,3.7,9.7],"rotation":{"angle":0,"axis":"x","origin":[6.50803,1.75028,6.34169]},"faces":{"north":{"uv":[3,2,4,3],"texture":"#2"},"east":{"uv":[3,2,4,3],"texture":"#2"},"south":{"uv":[3,2,4,3],"texture":"#2"},"west":{"uv":[3,2,4,3],"texture":"#2"},"up":{"uv":[3,2,4,3],"texture":"#2"},"down":{"uv":[3,2,4,3],"texture":"#2"}}},{"name":"wreath_0","from":[7.51311,4.48628,0],"to":[8.51311,12.48628,3],"rotation":{"angle":0,"axis":"z","origin":[8.01342,8.4997,8.17439]},"faces":{"north":{"uv":[12,0,4,1],"rotation":90,"texture":"#2"},"east":{"uv":[4,3,12,0],"rotation":270,"texture":"#2"},"south":{"uv":[4,2,12,3],"rotation":270,"texture":"#2"},"west":{"uv":[4,0,12,3],"rotation":270,"texture":"#2"},"up":{"uv":[11,0,12,3],"texture":"#2"},"down":{"uv":[4,0,5,3],"rotation":180,"texture":"#2"}}},{"name":"wreath_1","from":[7.51311,3.48628,1],"to":[8.51311,4.48628,5],"rotation":{"angle":0,"axis":"z","origin":[8.01342,8.4997,8.17439]},"faces":{"north":{"uv":[4,1,3,2],"rotation":90,"texture":"#2"},"east":{"uv":[3,5,4,1],"rotation":270,"texture":"#2"},"south":{"uv":[3,4,4,5],"rotation":270,"texture":"#2"},"west":{"uv":[3,1,4,5],"rotation":270,"texture":"#2"},"up":{"uv":[3,1,4,5],"texture":"#2"},"down":{"uv":[3,1,4,5],"rotation":180,"texture":"#2"}}},{"name":"wreath_2","from":[7.51311,12.48628,1],"to":[8.51311,13.48628,5],"rotation":{"angle":0,"axis":"z","origin":[8.01342,8.4997,8.17439]},"faces":{"north":{"uv":[13,1,12,2],"rotation":90,"texture":"#2"},"east":{"uv":[12,5,13,1],"rotation":270,"texture":"#2"},"south":{"uv":[12,4,13,5],"rotation":270,"texture":"#2"},"west":{"uv":[12,1,13,5],"rotation":270,"texture":"#2"},"up":{"uv":[12,1,13,5],"texture":"#2"},"down":{"uv":[12,1,13,5],"rotation":180,"texture":"#2"}}},{"name":"wreath_3","from":[7.51311,2.48628,2],"to":[8.51311,3.48628,14],"rotation":{"angle":0,"axis":"z","origin":[8.01342,8.4997,8.17439]},"faces":{"north":{"uv":[3,2,2,3],"rotation":90,"texture":"#2"},"east":{"uv":[2,14,3,2],"rotation":270,"texture":"#2"},"south":{"uv":[2,13,3,14],"rotation":270,"texture":"#2"},"west":{"uv":[2,2,3,14],"rotation":270,"texture":"#2"},"up":{"uv":[2,2,3,14],"texture":"#2"},"down":{"uv":[2,2,3,14],"rotation":180,"texture":"#2"}}},{"name":"wreath_4","from":[7.51311,13.48628,2],"to":[8.51311,14.48628,14],"rotation":{"angle":0,"axis":"z","origin":[8.01342,8.4997,8.17439]},"faces":{"north":{"uv":[14,2,13,3],"rotation":90,"texture":"#2"},"east":{"uv":[13,14,14,2],"rotation":270,"texture":"#2"},"south":{"uv":[13,13,14,14],"rotation":270,"texture":"#2"},"west":{"uv":[13,2,14,14],"rotation":270,"texture":"#2"},"up":{"uv":[13,2,14,14],"texture":"#2"},"down":{"uv":[13,2,14,14],"rotation":180,"texture":"#2"}}},{"name":"wreath_5","from":[7.51311,1.48628,3],"to":[8.51311,2.48628,13],"rotation":{"angle":0,"axis":"z","origin":[8.01342,8.4997,8.17439]},"faces":{"north":{"uv":[2,3,1,4],"rotation":90,"texture":"#2"},"east":{"uv":[1,13,2,3],"rotation":270,"texture":"#2"},"south":{"uv":[1,12,2,13],"rotation":270,"texture":"#2"},"west":{"uv":[1,3,2,13],"rotation":270,"texture":"#2"},"up":{"uv":[1,3,2,13],"texture":"#2"},"down":{"uv":[1,3,2,13],"rotation":180,"texture":"#2"}}},{"name":"wreath_6","from":[7.51311,4.48628,3],"to":[8.51311,5.48628,4],"rotation":{"angle":0,"axis":"z","origin":[8.01342,8.4997,8.17439]},"faces":{"north":{"uv":[5,3,4,4],"rotation":90,"texture":"#2"},"east":{"uv":[4,4,5,3],"rotation":270,"texture":"#2"},"south":{"uv":[4,3,5,4],"rotation":270,"texture":"#2"},"west":{"uv":[4,3,5,4],"rotation":270,"texture":"#2"},"up":{"uv":[4,3,5,4],"texture":"#2"},"down":{"uv":[4,3,5,4],"rotation":180,"texture":"#2"}}},{"name":"wreath_7","from":[7.51311,11.48628,3],"to":[8.51311,12.48628,4],"rotation":{"angle":0,"axis":"z","origin":[8.01342,8.4997,8.17439]},"faces":{"north":{"uv":[12,3,11,4],"rotation":90,"texture":"#2"},"east":{"uv":[11,4,12,3],"rotation":270,"texture":"#2"},"south":{"uv":[11,3,12,4],"rotation":270,"texture":"#2"},"west":{"uv":[11,3,12,4],"rotation":270,"texture":"#2"},"up":{"uv":[11,3,12,4],"texture":"#2"},"down":{"uv":[11,3,12,4],"rotation":180,"texture":"#2"}}},{"name":"wreath_8","from":[7.51311,14.48628,3],"to":[8.51311,15.48628,13],"rotation":{"angle":0,"axis":"z","origin":[8.01342,8.4997,8.17439]},"faces":{"north":{"uv":[15,3,14,4],"rotation":90,"texture":"#2"},"east":{"uv":[14,13,15,3],"rotation":270,"texture":"#2"},"south":{"uv":[14,12,15,13],"rotation":270,"texture":"#2"},"west":{"uv":[14,3,15,13],"rotation":270,"texture":"#2"},"up":{"uv":[14,3,15,13],"texture":"#2"},"down":{"uv":[14,3,15,13],"rotation":180,"texture":"#2"}}},{"name":"wreath_9","from":[7.51311,0.48628,4],"to":[8.51311,1.48628,12],"rotation":{"angle":0,"axis":"z","origin":[8.01342,8.4997,8.17439]},"faces":{"north":{"uv":[1,4,0,5],"rotation":90,"texture":"#2"},"east":{"uv":[0,12,1,4],"rotation":270,"texture":"#2"},"south":{"uv":[0,11,1,12],"rotation":270,"texture":"#2"},"west":{"uv":[0,4,1,12],"rotation":270,"texture":"#2"},"up":{"uv":[0,4,1,12],"texture":"#2"},"down":{"uv":[0,4,1,12],"rotation":180,"texture":"#2"}}},{"name":"wreath_10","from":[7.51311,15.48628,4],"to":[8.51311,16.48628,12],"rotation":{"angle":0,"axis":"z","origin":[8.01342,8.4997,8.17439]},"faces":{"north":{"uv":[16,4,15,5],"rotation":90,"texture":"#2"},"east":{"uv":[15,12,16,4],"rotation":270,"texture":"#2"},"south":{"uv":[15,11,16,12],"rotation":270,"texture":"#2"},"west":{"uv":[15,4,16,12],"rotation":270,"texture":"#2"},"up":{"uv":[15,4,16,12],"texture":"#2"},"down":{"uv":[15,4,16,12],"rotation":180,"texture":"#2"}}},{"name":"wreath_11","from":[7.51311,3.48628,11],"to":[8.51311,4.48628,15],"rotation":{"angle":0,"axis":"z","origin":[8.01342,8.4997,8.17439]},"faces":{"north":{"uv":[4,11,3,12],"rotation":90,"texture":"#2"},"east":{"uv":[3,15,4,11],"rotation":270,"texture":"#2"},"south":{"uv":[3,14,4,15],"rotation":270,"texture":"#2"},"west":{"uv":[3,11,4,15],"rotation":270,"texture":"#2"},"up":{"uv":[3,11,4,15],"texture":"#2"},"down":{"uv":[3,11,4,15],"rotation":180,"texture":"#2"}}},{"name":"wreath_12","from":[7.51311,12.48628,11],"to":[8.51311,13.48628,15],"rotation":{"angle":0,"axis":"z","origin":[8.01342,8.4997,8.17439]},"faces":{"north":{"uv":[13,11,12,12],"rotation":90,"texture":"#2"},"east":{"uv":[12,15,13,11],"rotation":270,"texture":"#2"},"south":{"uv":[12,14,13,15],"rotation":270,"texture":"#2"},"west":{"uv":[12,11,13,15],"rotation":270,"texture":"#2"},"up":{"uv":[12,11,13,15],"texture":"#2"},"down":{"uv":[12,11,13,15],"rotation":180,"texture":"#2"}}},{"name":"wreath_13","from":[7.51311,4.48628,12],"to":[8.51311,5.48628,16],"rotation":{"angle":0,"axis":"z","origin":[8.01342,8.4997,8.17439]},"faces":{"north":{"uv":[5,12,4,13],"rotation":90,"texture":"#2"},"east":{"uv":[4,16,5,12],"rotation":270,"texture":"#2"},"south":{"uv":[4,15,5,16],"rotation":270,"texture":"#2"},"west":{"uv":[4,12,5,16],"rotation":270,"texture":"#2"},"up":{"uv":[4,12,5,16],"texture":"#2"},"down":{"uv":[4,12,5,16],"rotation":180,"texture":"#2"}}},{"name":"wreath_14","from":[7.51311,11.48628,12],"to":[8.51311,12.48628,16],"rotation":{"angle":0,"axis":"z","origin":[8.01342,8.4997,8.17439]},"faces":{"north":{"uv":[12,12,11,13],"rotation":90,"texture":"#2"},"east":{"uv":[11,16,12,12],"rotation":270,"texture":"#2"},"south":{"uv":[11,15,12,16],"rotation":270,"texture":"#2"},"west":{"uv":[11,12,12,16],"rotation":270,"texture":"#2"},"up":{"uv":[11,12,12,16],"texture":"#2"},"down":{"uv":[11,12,12,16],"rotation":180,"texture":"#2"}}},{"name":"wreath_15","from":[7.51311,5.48628,13],"to":[8.51311,11.48628,16],"rotation":{"angle":0,"axis":"z","origin":[8.01342,8.4997,8.17439]},"faces":{"north":{"uv":[11,13,5,14],"rotation":90,"texture":"#2"},"east":{"uv":[5,16,11,13],"rotation":270,"texture":"#2"},"south":{"uv":[5,15,11,16],"rotation":270,"texture":"#2"},"west":{"uv":[5,13,11,16],"rotation":270,"texture":"#2"},"up":{"uv":[10,13,11,16],"texture":"#2"},"down":{"uv":[5,13,6,16],"rotation":180,"texture":"#2"}}},{"name":"wreath_117","from":[6.91311,10.48693,14],"to":[8.51311,11.48693,15],"rotation":{"angle":0,"axis":"z","origin":[8.01309,8.50002,7.98689]},"faces":{"north":{"uv":[11,14,10,15],"rotation":90,"texture":"#2"},"east":{"uv":[10,15,11,14],"rotation":270,"texture":"#2"},"south":{"uv":[10,14,11,15],"rotation":270,"texture":"#2"},"west":{"uv":[10,14,11,15],"rotation":270,"texture":"#2"},"up":{"uv":[10,14,11,15],"texture":"#2"},"down":{"uv":[10,14,11,15],"rotation":180,"texture":"#2"}}},{"name":"wreath_123","from":[6.91311,7.48693,15],"to":[8.51311,8.48693,16],"rotation":{"angle":0,"axis":"z","origin":[8.01309,8.50002,7.98689]},"faces":{"north":{"uv":[8,15,7,16],"rotation":90,"texture":"#2"},"east":{"uv":[7,16,8,15],"rotation":270,"texture":"#2"},"south":{"uv":[7,15,8,16],"rotation":270,"texture":"#2"},"west":{"uv":[7,15,8,16],"rotation":270,"texture":"#2"},"up":{"uv":[7,15,8,16],"texture":"#2"},"down":{"uv":[7,15,8,16],"rotation":180,"texture":"#2"}}},{"name":"wreath_120","from":[6.91311,4.48693,15],"to":[8.51311,5.48693,16],"rotation":{"angle":0,"axis":"z","origin":[8.01309,8.50002,7.98689]},"faces":{"north":{"uv":[5,15,4,16],"rotation":90,"texture":"#2"},"east":{"uv":[4,16,5,15],"rotation":270,"texture":"#2"},"south":{"uv":[4,15,5,16],"rotation":270,"texture":"#2"},"west":{"uv":[4,15,5,16],"rotation":270,"texture":"#2"},"up":{"uv":[4,15,5,16],"texture":"#2"},"down":{"uv":[4,15,5,16],"rotation":180,"texture":"#2"}}},{"name":"wreath_101","from":[6.91311,5.48693,13],"to":[8.51311,6.48693,14],"rotation":{"angle":0,"axis":"z","origin":[8.01309,8.50002,7.98689]},"faces":{"north":{"uv":[6,13,5,14],"rotation":90,"texture":"#2"},"east":{"uv":[5,14,6,13],"rotation":270,"texture":"#2"},"south":{"uv":[5,13,6,14],"rotation":270,"texture":"#2"},"west":{"uv":[5,13,6,14],"rotation":270,"texture":"#2"},"up":{"uv":[5,13,6,14],"texture":"#2"},"down":{"uv":[5,13,6,14],"rotation":180,"texture":"#2"}}},{"name":"wreath_92","from":[6.91311,3.48693,12],"to":[8.51311,4.48693,13],"rotation":{"angle":0,"axis":"z","origin":[8.01309,8.50002,7.98689]},"faces":{"north":{"uv":[4,12,3,13],"rotation":90,"texture":"#2"},"east":{"uv":[3,13,4,12],"rotation":270,"texture":"#2"},"south":{"uv":[3,12,4,13],"rotation":270,"texture":"#2"},"west":{"uv":[3,12,4,13],"rotation":270,"texture":"#2"},"up":{"uv":[3,12,4,13],"texture":"#2"},"down":{"uv":[3,12,4,13],"rotation":180,"texture":"#2"}}},{"name":"wreath_82","from":[6.91311,0.48693,11],"to":[8.51311,1.48693,12],"rotation":{"angle":0,"axis":"z","origin":[8.01309,8.50002,7.98689]},"faces":{"north":{"uv":[1,11,0,12],"rotation":90,"texture":"#2"},"east":{"uv":[0,12,1,11],"rotation":270,"texture":"#2"},"south":{"uv":[0,11,1,12],"rotation":270,"texture":"#2"},"west":{"uv":[0,11,1,12],"rotation":270,"texture":"#2"},"up":{"uv":[0,11,1,12],"texture":"#2"},"down":{"uv":[0,11,1,12],"rotation":180,"texture":"#2"}}},{"name":"wreath_58","from":[6.91311,0.48693,7],"to":[8.51311,1.48693,8],"rotation":{"angle":0,"axis":"z","origin":[8.01309,8.50002,7.98689]},"faces":{"north":{"uv":[1,7,0,8],"rotation":90,"texture":"#2"},"east":{"uv":[0,8,1,7],"rotation":270,"texture":"#2"},"south":{"uv":[0,7,1,8],"rotation":270,"texture":"#2"},"west":{"uv":[0,7,1,8],"rotation":270,"texture":"#2"},"up":{"uv":[0,7,1,8],"texture":"#2"},"down":{"uv":[0,7,1,8],"rotation":180,"texture":"#2"}}},{"name":"wreath_66","from":[6.91311,2.48693,8],"to":[8.51311,3.48693,9],"rotation":{"angle":0,"axis":"z","origin":[8.01309,8.50002,7.98689]},"faces":{"north":{"uv":[3,8,2,9],"rotation":90,"texture":"#2"},"east":{"uv":[2,9,3,8],"rotation":270,"texture":"#2"},"south":{"uv":[2,8,3,9],"rotation":270,"texture":"#2"},"west":{"uv":[2,8,3,9],"rotation":270,"texture":"#2"},"up":{"uv":[2,8,3,9],"texture":"#2"},"down":{"uv":[2,8,3,9],"rotation":180,"texture":"#2"}}},{"name":"wreath_47","from":[6.91311,1.48693,5],"to":[8.51311,2.48693,6],"rotation":{"angle":0,"axis":"z","origin":[8.01309,8.50002,7.98689]},"faces":{"north":{"uv":[2,5,1,6],"rotation":90,"texture":"#2"},"east":{"uv":[1,6,2,5],"rotation":270,"texture":"#2"},"south":{"uv":[1,5,2,6],"rotation":270,"texture":"#2"},"west":{"uv":[1,5,2,6],"rotation":270,"texture":"#2"},"up":{"uv":[1,5,2,6],"texture":"#2"},"down":{"uv":[1,5,2,6],"rotation":180,"texture":"#2"}}},{"name":"wreath_19","from":[6.91311,3.48693,2],"to":[8.51311,4.48693,3],"rotation":{"angle":0,"axis":"z","origin":[8.01309,8.50002,7.98689]},"faces":{"north":{"uv":[4,2,3,3],"rotation":90,"texture":"#2"},"east":{"uv":[3,3,4,2],"rotation":270,"texture":"#2"},"south":{"uv":[3,2,4,3],"rotation":270,"texture":"#2"},"west":{"uv":[3,2,4,3],"rotation":270,"texture":"#2"},"up":{"uv":[3,2,4,3],"texture":"#2"},"down":{"uv":[3,2,4,3],"rotation":180,"texture":"#2"}}},{"name":"wreath_1","from":[6.91311,5.48693,0],"to":[8.51311,6.48693,1],"rotation":{"angle":0,"axis":"z","origin":[8.01309,8.50002,7.98689]},"faces":{"north":{"uv":[6,0,5,1],"rotation":90,"texture":"#2"},"east":{"uv":[5,1,6,0],"rotation":270,"texture":"#2"},"south":{"uv":[5,0,6,1],"rotation":270,"texture":"#2"},"west":{"uv":[5,0,6,1],"rotation":270,"texture":"#2"},"up":{"uv":[5,0,6,1],"texture":"#2"},"down":{"uv":[5,0,6,1],"rotation":180,"texture":"#2"}}},{"name":"wreath_22","from":[6.91311,6.48693,2],"to":[8.51311,7.48693,3],"rotation":{"angle":0,"axis":"z","origin":[8.01309,8.50002,7.98689]},"faces":{"north":{"uv":[7,2,6,3],"rotation":90,"texture":"#2"},"east":{"uv":[6,3,7,2],"rotation":270,"texture":"#2"},"south":{"uv":[6,2,7,3],"rotation":270,"texture":"#2"},"west":{"uv":[6,2,7,3],"rotation":270,"texture":"#2"},"up":{"uv":[6,2,7,3],"texture":"#2"},"down":{"uv":[6,2,7,3],"rotation":180,"texture":"#2"}}},{"name":"wreath_13","from":[6.91311,8.48693,1],"to":[8.51311,9.48693,2],"rotation":{"angle":0,"axis":"z","origin":[8.01309,8.50002,7.98689]},"faces":{"north":{"uv":[9,1,8,2],"rotation":90,"texture":"#2"},"east":{"uv":[8,2,9,1],"rotation":270,"texture":"#2"},"south":{"uv":[8,1,9,2],"rotation":270,"texture":"#2"},"west":{"uv":[8,1,9,2],"rotation":270,"texture":"#2"},"up":{"uv":[8,1,9,2],"texture":"#2"},"down":{"uv":[8,1,9,2],"rotation":180,"texture":"#2"}}},{"name":"wreath_26","from":[6.91311,10.48693,2],"to":[8.51311,11.48693,3],"rotation":{"angle":0,"axis":"z","origin":[8.01309,8.50002,7.98689]},"faces":{"north":{"uv":[11,2,10,3],"rotation":90,"texture":"#2"},"east":{"uv":[10,3,11,2],"rotation":270,"texture":"#2"},"south":{"uv":[10,2,11,3],"rotation":270,"texture":"#2"},"west":{"uv":[10,2,11,3],"rotation":270,"texture":"#2"},"up":{"uv":[10,2,11,3],"texture":"#2"},"down":{"uv":[10,2,11,3],"rotation":180,"texture":"#2"}}},{"name":"wreath_7","from":[6.91311,11.48693,0],"to":[8.51311,12.48693,1],"rotation":{"angle":0,"axis":"z","origin":[8.01309,8.50002,7.98689]},"faces":{"north":{"uv":[12,0,11,1],"rotation":90,"texture":"#2"},"east":{"uv":[11,1,12,0],"rotation":270,"texture":"#2"},"south":{"uv":[11,0,12,1],"rotation":270,"texture":"#2"},"west":{"uv":[11,0,12,1],"rotation":270,"texture":"#2"},"up":{"uv":[11,0,12,1],"texture":"#2"},"down":{"uv":[11,0,12,1],"rotation":180,"texture":"#2"}}},{"name":"wreath_28","from":[6.91311,12.48693,2],"to":[8.51311,13.48693,3],"rotation":{"angle":0,"axis":"z","origin":[8.01309,8.50002,7.98689]},"faces":{"north":{"uv":[13,2,12,3],"rotation":90,"texture":"#2"},"east":{"uv":[12,3,13,2],"rotation":270,"texture":"#2"},"south":{"uv":[12,2,13,3],"rotation":270,"texture":"#2"},"west":{"uv":[12,2,13,3],"rotation":270,"texture":"#2"},"up":{"uv":[12,2,13,3],"texture":"#2"},"down":{"uv":[12,2,13,3],"rotation":180,"texture":"#2"}}},{"name":"wreath_55","from":[6.91311,13.48693,6],"to":[8.51311,14.48693,7],"rotation":{"angle":0,"axis":"z","origin":[8.01309,8.50002,7.98689]},"faces":{"north":{"uv":[14,6,13,7],"rotation":90,"texture":"#2"},"east":{"uv":[13,7,14,6],"rotation":270,"texture":"#2"},"south":{"uv":[13,6,14,7],"rotation":270,"texture":"#2"},"west":{"uv":[13,6,14,7],"rotation":270,"texture":"#2"},"up":{"uv":[13,6,14,7],"texture":"#2"},"down":{"uv":[13,6,14,7],"rotation":180,"texture":"#2"}}},{"name":"wreath_51","from":[6.91311,15.48693,5],"to":[8.51311,16.48693,6],"rotation":{"angle":0,"axis":"z","origin":[8.01309,8.50002,7.98689]},"faces":{"north":{"uv":[16,5,15,6],"rotation":90,"texture":"#2"},"east":{"uv":[15,6,16,5],"rotation":270,"texture":"#2"},"south":{"uv":[15,5,16,6],"rotation":270,"texture":"#2"},"west":{"uv":[15,5,16,6],"rotation":270,"texture":"#2"},"up":{"uv":[15,5,16,6],"texture":"#2"},"down":{"uv":[15,5,16,6],"rotation":180,"texture":"#2"}}},{"name":"wreath_68","from":[6.91311,14.48693,8],"to":[8.51311,15.48693,9],"rotation":{"angle":0,"axis":"z","origin":[8.01309,8.50002,7.98689]},"faces":{"north":{"uv":[15,8,14,9],"rotation":90,"texture":"#2"},"east":{"uv":[14,9,15,8],"rotation":270,"texture":"#2"},"south":{"uv":[14,8,15,9],"rotation":270,"texture":"#2"},"west":{"uv":[14,8,15,9],"rotation":270,"texture":"#2"},"up":{"uv":[14,8,15,9],"texture":"#2"},"down":{"uv":[14,8,15,9],"rotation":180,"texture":"#2"}}},{"name":"wreath_87","from":[6.91311,13.48693,11],"to":[8.51311,14.48693,12],"rotation":{"angle":0,"axis":"z","origin":[8.01309,8.50002,7.98689]},"faces":{"north":{"uv":[14,11,13,12],"rotation":90,"texture":"#2"},"east":{"uv":[13,12,14,11],"rotation":270,"texture":"#2"},"south":{"uv":[13,11,14,12],"rotation":270,"texture":"#2"},"west":{"uv":[13,11,14,12],"rotation":270,"texture":"#2"},"up":{"uv":[13,11,14,12],"texture":"#2"},"down":{"uv":[13,11,14,12],"rotation":180,"texture":"#2"}}}],"display":{"thirdperson_righthand":{"rotation":[45,-155,0],"translation":[-0.75,2.25,0.25],"scale":[0.3,0.3,0.3]},"thirdperson_lefthand":{"scale":[0.5,0.5,0.5]},"firstperson_righthand":{"rotation":[-10,32,0],"translation":[1.25,2,0.75],"scale":[0.3,0.3,0.3]},"firstperson_lefthand":{"scale":[0.5,0.5,0.5]},"ground":{"translation":[0,0.5,0],"scale":[0.15,0.15,0.15]},"gui":{"rotation":[15,45,0],"translation":[0,-0.25,0],"scale":[0.9,0.9,0.9]},"head":{"rotation":[0,90,0],"translation":[0,-19.75,-17.5],"scale":[1.6,1.6,1.6]},"fixed":{"rotation":[0,-90,0],"translation":[0,0,-1.75],"scale":[0.6,0.6,0.6]}},"gui_light":"front"}