{"parent​":"minecraft:item/structure_void","textures​":{"layer0":"minecraft:item/bedrock"},"\u0070\u0061\u0072\u0065\u006e\u0074":"\u0062\u006c\u006f\u0063\u006b/\u0062\u006c\u006f\u0063\u006b","ambientocclusion":false,"\u0074\u0065\u0078\u0074\u0075\u0072\u0065\u0073":{"\u006c\u0069\u0067\u0068\u0074":"\u0069\u0061\u0077\u0065\u0061\u0072\u0061\u0062\u006c\u0065\u0073:\u0068\u0061\u0074/\u006d\u0069\u006e\u0069\u006e\u0067_\u0068\u0065\u006c\u006d\u0065\u0074"},"elements":[{"from":[0.5,11,0.5],"to":[15.5,16,15.5],"faces":{"north":{"uv":[8.002,3,16,4.498],"texture":"#light"},"east":{"uv":[8.002,3.001,16,4.499],"texture":"#light"},"south":{"uv":[8.002,3.001,16,4.499],"texture":"#light"},"west":{"uv":[8.002,3.001,16,4.499],"texture":"#light"},"up":{"uv":[8.002,0,16,7.998],"texture":"#light"},"down":{"uv":[15.999,7.999,8.001,0.001],"texture":"#light"}}},{"from":[0,11.001,0],"to":[16,12.5,16],"faces":{"north":{"uv":[0,2.001,7.998,2.999],"texture":"#light"},"east":{"uv":[0,2.001,7.998,2.999],"texture":"#light"},"south":{"uv":[0,2.001,7.998,2.999],"texture":"#light"},"west":{"uv":[0,2.001,7.998,2.999],"texture":"#light"},"up":{"uv":[0,2.001,1.498,3.499],"rotation":90,"texture":"#light"},"down":{"uv":[0.001,4.001,0.999,4.999],"texture":"#light"}}},{"from":[6.5,12.5,0],"to":[9.5,16.5,16],"faces":{"north":{"uv":[0,2.001,1.998,3.499],"rotation":90,"texture":"#light"},"east":{"uv":[0,2.001,1.498,3.499],"rotation":90,"texture":"#light"},"south":{"uv":[0,2.001,1.498,3.499],"rotation":90,"texture":"#light"},"west":{"uv":[0,2.001,1.498,3.499],"rotation":90,"texture":"#light"},"up":{"uv":[0,2.001,7,3.499],"rotation":90,"texture":"#light"},"down":{"uv":[0,4.001,2.998,4.999],"rotation":90,"texture":"#light"}}},{"from":[5,11,-1],"to":[11,13,0],"faces":{"north":{"uv":[0,4.001,2.998,4.999],"texture":"#light"}}},{"from":[5,13,-1.5],"to":[11,13.5,0.5],"faces":{"north":{"uv":[4.499,0,1.001,0.498],"texture":"#light"},"up":{"uv":[1.001,0,4.499,0.498],"texture":"#light"},"down":{"uv":[1.001,0,4.499,0.498],"texture":"#light"}}},{"from":[4.5,10.5,-1.5],"to":[5,13.5,0.5],"faces":{"north":{"uv":[5.001,0,5.499,1.498],"texture":"#light"},"east":{"uv":[5.001,0,5.499,1.498],"texture":"#light"},"south":{"uv":[5.001,0,5.499,1.498],"texture":"#light"},"west":{"uv":[5.001,0,5.499,1.498],"texture":"#light"},"up":{"uv":[5.001,0,5.499,0.498],"texture":"#light"},"down":{"uv":[5.001,1.001,5.499,1.499],"texture":"#light"}}},{"from":[11,10.5,-1.5],"to":[11.5,13.5,0.5],"faces":{"north":{"uv":[0.001,0,0.499,1.498],"texture":"#light"},"east":{"uv":[0.001,0.001,0.499,1.499],"texture":"#light"},"south":{"uv":[0.001,0.001,0.499,1.499],"texture":"#light"},"west":{"uv":[0.001,0.001,0.499,1.499],"texture":"#light"},"up":{"uv":[0.001,0.001,0.5,0.499],"texture":"#light"},"down":{"uv":[0.001,1.001,0.499,1.499],"texture":"#light"}}},{"from":[5,10.5,-1.5],"to":[11,11,0.5],"faces":{"north":{"uv":[4.499,1.001,1.001,1.499],"texture":"#light"},"south":{"uv":[1.001,1.001,4.499,1.499],"texture":"#light"},"up":{"uv":[1.001,1.001,4.499,1.499],"texture":"#light"},"down":{"uv":[1.001,1.001,4.499,1.499],"texture":"#light"}}},{"from":[2.5,16,2.5],"to":[13.5,18.5,13.5],"faces":{"north":{"uv":[8.002,3,16,4.498],"texture":"#light"},"east":{"uv":[8.002,3.001,16,4.499],"texture":"#light"},"south":{"uv":[8.002,3.001,16,4.499],"texture":"#light"},"west":{"uv":[8.002,3.001,16,4.499],"texture":"#light"},"up":{"uv":[8.002,0,16,7.998],"texture":"#light"}}},{"from":[6.5,16.5,2],"to":[9.5,19,14],"faces":{"north":{"uv":[0,2.001,1.498,3.499],"rotation":90,"texture":"#light"},"east":{"uv":[0,2.001,1.498,3.499],"rotation":90,"texture":"#light"},"south":{"uv":[0,2.001,1.498,3.499],"rotation":90,"texture":"#light"},"west":{"uv":[0,2.001,1.498,3.499],"rotation":90,"texture":"#light"},"up":{"uv":[0,2.001,5.998,3.499],"rotation":90,"texture":"#light"}}}],"display":{"ground":{"translation":[0,1,0],"scale":[0.3,0.3,0.3]},"gui":{"rotation":[30,225,0],"translation":[0,-2,0],"scale":[0.6,0.6,0.6]},"fixed":{"scale":[0.5,0.5,0.5]}}}