{"textures​":{"layer0":"minecraft:item/blue_wool"},"\u0074\u0065\u0078\u0074\u0075\u0072\u0065\u0073":{"1":"\u0069\u0061\u0066\u0065\u0073\u0074\u0069\u0076\u0069\u0074\u0069\u0065\u0073:\u0068\u0061\u006c\u006c\u006f\u0077\u0065\u0065\u006e/\u0062\u0061\u0074_\u0077\u0069\u006e\u0067\u0073","\u0070\u0061\u0072\u0074\u0069\u0063\u006c\u0065":"#1"},"elements":[{"name":"demoniac_red_wings_2","from":[12.25,11.75,7.6],"to":[13,12,7.85],"rotation":{"angle":-22.5,"axis":"y","origin":[8,7.625,7.725]},"faces":{"north":{"uv":[12.25,0.25,13,0],"rotation":180,"texture":"#1"},"east":{"uv":[12.75,0,13,0.25],"texture":"#1"},"south":{"uv":[12.25,0,13,0.25],"texture":"#1"},"west":{"uv":[12.25,0,12.5,0.25],"texture":"#1"},"up":{"uv":[13,0,12.25,0.25],"rotation":180,"texture":"#1"},"down":{"uv":[12.25,0,13,0.25],"texture":"#1"}}},{"name":"demoniac_red_wings_4","from":[12.5,4,7.6],"to":[13.25,11.75,7.85],"rotation":{"angle":-22.5,"axis":"y","origin":[8,7.625,7.725]},"faces":{"north":{"uv":[12.5,8,13.25,0.25],"rotation":180,"texture":"#1"},"east":{"uv":[13,0.25,13.25,8],"texture":"#1"},"south":{"uv":[12.5,0.25,13.25,8],"texture":"#1"},"west":{"uv":[12.5,0.25,12.75,8],"texture":"#1"},"up":{"uv":[13.25,0.25,12.5,0.5],"rotation":180,"texture":"#1"},"down":{"uv":[12.5,7.75,13.25,8],"texture":"#1"}}},{"name":"demoniac_red_wings_7","from":[12.25,3.5,7.6],"to":[12.5,11.25,7.85],"rotation":{"angle":-22.5,"axis":"y","origin":[8,7.625,7.725]},"faces":{"north":{"uv":[12.25,8.5,12.5,0.75],"rotation":180,"texture":"#1"},"east":{"uv":[12.25,0.75,12.5,8.5],"texture":"#1"},"south":{"uv":[12.25,0.75,12.5,8.5],"texture":"#1"},"west":{"uv":[12.25,0.75,12.5,8.5],"texture":"#1"},"up":{"uv":[12.5,0.75,12.25,1],"rotation":180,"texture":"#1"},"down":{"uv":[12.25,8.25,12.5,8.5],"texture":"#1"}}},{"name":"demoniac_red_wings_8","from":[13.25,4,7.6],"to":[13.5,11.25,7.85],"rotation":{"angle":-22.5,"axis":"y","origin":[8,7.625,7.725]},"faces":{"north":{"uv":[13.25,8,13.5,0.75],"rotation":180,"texture":"#1"},"east":{"uv":[13.25,0.75,13.5,8],"texture":"#1"},"south":{"uv":[13.25,0.75,13.5,8],"texture":"#1"},"west":{"uv":[13.25,0.75,13.5,8],"texture":"#1"},"up":{"uv":[13.5,0.75,13.25,1],"rotation":180,"texture":"#1"},"down":{"uv":[13.25,7.75,13.5,8],"texture":"#1"}}},{"name":"demoniac_red_wings_11","from":[12,3.25,7.6],"to":[12.25,11,7.85],"rotation":{"angle":-22.5,"axis":"y","origin":[8,7.625,7.725]},"faces":{"north":{"uv":[12,8.75,12.25,1],"rotation":180,"texture":"#1"},"east":{"uv":[12,1,12.25,8.75],"texture":"#1"},"south":{"uv":[12,1,12.25,8.75],"texture":"#1"},"west":{"uv":[12,1,12.25,8.75],"texture":"#1"},"up":{"uv":[12.25,1,12,1.25],"rotation":180,"texture":"#1"},"down":{"uv":[12,8.5,12.25,8.75],"texture":"#1"}}},{"name":"demoniac_red_wings_12","from":[13.5,4,7.6],"to":[13.75,11,7.85],"rotation":{"angle":-22.5,"axis":"y","origin":[8,7.625,7.725]},"faces":{"north":{"uv":[13.5,8,13.75,1],"rotation":180,"texture":"#1"},"east":{"uv":[13.5,1,13.75,8],"texture":"#1"},"south":{"uv":[13.5,1,13.75,8],"texture":"#1"},"west":{"uv":[13.5,1,13.75,8],"texture":"#1"},"up":{"uv":[13.75,1,13.5,1.25],"rotation":180,"texture":"#1"},"down":{"uv":[13.5,7.75,13.75,8],"texture":"#1"}}},{"name":"demoniac_red_wings_15","from":[11.75,4.75,7.6],"to":[12,10.75,7.85],"rotation":{"angle":-22.5,"axis":"y","origin":[8,7.625,7.725]},"faces":{"north":{"uv":[11.75,7.25,12,1.25],"rotation":180,"texture":"#1"},"east":{"uv":[11.75,1.25,12,7.25],"texture":"#1"},"south":{"uv":[11.75,1.25,12,7.25],"texture":"#1"},"west":{"uv":[11.75,1.25,12,7.25],"texture":"#1"},"up":{"uv":[12,1.25,11.75,1.5],"rotation":180,"texture":"#1"},"down":{"uv":[11.75,7,12,7.25],"texture":"#1"}}},{"name":"demoniac_red_wings_16","from":[13.75,4,7.6],"to":[14,10.75,7.85],"rotation":{"angle":-22.5,"axis":"y","origin":[8,7.625,7.725]},"faces":{"north":{"uv":[13.75,8,14,1.25],"rotation":180,"texture":"#1"},"east":{"uv":[13.75,1.25,14,8],"texture":"#1"},"south":{"uv":[13.75,1.25,14,8],"texture":"#1"},"west":{"uv":[13.75,1.25,14,8],"texture":"#1"},"up":{"uv":[14,1.25,13.75,1.5],"rotation":180,"texture":"#1"},"down":{"uv":[13.75,7.75,14,8],"texture":"#1"}}},{"name":"demoniac_red_wings_19","from":[11.25,5.5,7.6],"to":[11.75,10.5,7.85],"rotation":{"angle":-22.5,"axis":"y","origin":[8,7.625,7.725]},"faces":{"north":{"uv":[11.25,6.5,11.75,1.5],"rotation":180,"texture":"#1"},"east":{"uv":[11.5,1.5,11.75,6.5],"texture":"#1"},"south":{"uv":[11.25,1.5,11.75,6.5],"texture":"#1"},"west":{"uv":[11.25,1.5,11.5,6.5],"texture":"#1"},"up":{"uv":[11.75,1.5,11.25,1.75],"rotation":180,"texture":"#1"},"down":{"uv":[11.25,6.25,11.75,6.5],"texture":"#1"}}},{"name":"demoniac_red_wings_20","from":[14,4,7.6],"to":[14.25,10.5,7.85],"rotation":{"angle":-22.5,"axis":"y","origin":[8,7.625,7.725]},"faces":{"north":{"uv":[14,8,14.25,1.5],"rotation":180,"texture":"#1"},"east":{"uv":[14,1.5,14.25,8],"texture":"#1"},"south":{"uv":[14,1.5,14.25,8],"texture":"#1"},"west":{"uv":[14,1.5,14.25,8],"texture":"#1"},"up":{"uv":[14.25,1.5,14,1.75],"rotation":180,"texture":"#1"},"down":{"uv":[14,7.75,14.25,8],"texture":"#1"}}},{"name":"demoniac_red_wings_25","from":[8.25,9.5,7.6],"to":[10.25,10.25,7.85],"rotation":{"angle":-22.5,"axis":"y","origin":[8,7.625,7.725]},"faces":{"north":{"uv":[8.25,2.5,10.25,1.75],"rotation":180,"texture":"#1"},"east":{"uv":[10,1.75,10.25,2.5],"texture":"#1"},"south":{"uv":[8.25,1.75,10.25,2.5],"texture":"#1"},"west":{"uv":[8.25,1.75,8.5,2.5],"texture":"#1"},"up":{"uv":[10.25,1.75,8.25,2],"rotation":180,"texture":"#1"},"down":{"uv":[8.25,2.25,10.25,2.5],"texture":"#1"}}},{"name":"demoniac_red_wings_26","from":[10.75,5.75,7.6],"to":[11.25,10.25,7.85],"rotation":{"angle":-22.5,"axis":"y","origin":[8,7.625,7.725]},"faces":{"north":{"uv":[10.75,6.25,11.25,1.75],"rotation":180,"texture":"#1"},"east":{"uv":[11,1.75,11.25,6.25],"texture":"#1"},"south":{"uv":[10.75,1.75,11.25,6.25],"texture":"#1"},"west":{"uv":[10.75,1.75,11,6.25],"texture":"#1"},"up":{"uv":[11.25,1.75,10.75,2],"rotation":180,"texture":"#1"},"down":{"uv":[10.75,6,11.25,6.25],"texture":"#1"}}},{"name":"demoniac_red_wings_27","from":[14.25,3.75,7.6],"to":[14.5,10.25,7.85],"rotation":{"angle":-22.5,"axis":"y","origin":[8,7.625,7.725]},"faces":{"north":{"uv":[14.25,8.25,14.5,1.75],"rotation":180,"texture":"#1"},"east":{"uv":[14.25,1.75,14.5,8.25],"texture":"#1"},"south":{"uv":[14.25,1.75,14.5,8.25],"texture":"#1"},"west":{"uv":[14.25,1.75,14.5,8.25],"texture":"#1"},"up":{"uv":[14.5,1.75,14.25,2],"rotation":180,"texture":"#1"},"down":{"uv":[14.25,8,14.5,8.25],"texture":"#1"}}},{"name":"demoniac_red_wings_29","from":[10.25,6,7.6],"to":[10.75,10,7.85],"rotation":{"angle":-22.5,"axis":"y","origin":[8,7.625,7.725]},"faces":{"north":{"uv":[10.25,6,10.75,2],"rotation":180,"texture":"#1"},"east":{"uv":[10.5,2,10.75,6],"texture":"#1"},"south":{"uv":[10.25,2,10.75,6],"texture":"#1"},"west":{"uv":[10.25,2,10.5,6],"texture":"#1"},"up":{"uv":[10.75,2,10.25,2.25],"rotation":180,"texture":"#1"},"down":{"uv":[10.25,5.75,10.75,6],"texture":"#1"}}},{"name":"demoniac_red_wings_31","from":[14.5,2,7.6],"to":[14.75,9.75,7.85],"rotation":{"angle":-22.5,"axis":"y","origin":[8,7.625,7.725]},"faces":{"north":{"uv":[14.5,10,14.75,2.25],"rotation":180,"texture":"#1"},"east":{"uv":[14.5,2.25,14.75,10],"texture":"#1"},"south":{"uv":[14.5,2.25,14.75,10],"texture":"#1"},"west":{"uv":[14.5,2.25,14.75,10],"texture":"#1"},"up":{"uv":[14.75,2.25,14.5,2.5],"rotation":180,"texture":"#1"},"down":{"uv":[14.5,9.75,14.75,10],"texture":"#1"}}},{"name":"demoniac_red_wings_33","from":[8.5,9,7.6],"to":[10.25,9.5,7.85],"rotation":{"angle":-22.5,"axis":"y","origin":[8,7.625,7.725]},"faces":{"north":{"uv":[8.5,3,10.25,2.5],"rotation":180,"texture":"#1"},"east":{"uv":[10,2.5,10.25,3],"texture":"#1"},"south":{"uv":[8.5,2.5,10.25,3],"texture":"#1"},"west":{"uv":[8.5,2.5,8.75,3],"texture":"#1"},"up":{"uv":[10.25,2.5,8.5,2.75],"rotation":180,"texture":"#1"},"down":{"uv":[8.5,2.75,10.25,3],"texture":"#1"}}},{"name":"demoniac_red_wings_35","from":[14.75,2.75,7.6],"to":[15,9.25,7.85],"rotation":{"angle":-22.5,"axis":"y","origin":[8,7.625,7.725]},"faces":{"north":{"uv":[14.75,9.25,15,2.75],"rotation":180,"texture":"#1"},"east":{"uv":[14.75,2.75,15,9.25],"texture":"#1"},"south":{"uv":[14.75,2.75,15,9.25],"texture":"#1"},"west":{"uv":[14.75,2.75,15,9.25],"texture":"#1"},"up":{"uv":[15,2.75,14.75,3],"rotation":180,"texture":"#1"},"down":{"uv":[14.75,9,15,9.25],"texture":"#1"}}},{"name":"demoniac_red_wings_36","from":[8.75,6.5,7.6],"to":[10.25,9,7.85],"rotation":{"angle":-22.5,"axis":"y","origin":[8,7.625,7.725]},"faces":{"north":{"uv":[8.75,5.5,10.25,3],"rotation":180,"texture":"#1"},"east":{"uv":[10,3,10.25,5.5],"texture":"#1"},"south":{"uv":[8.75,3,10.25,5.5],"texture":"#1"},"west":{"uv":[8.75,3,9,5.5],"texture":"#1"},"up":{"uv":[10.25,3,8.75,3.25],"rotation":180,"texture":"#1"},"down":{"uv":[8.75,5.25,10.25,5.5],"texture":"#1"}}},{"name":"demoniac_red_wings_38","from":[15,3.25,7.6],"to":[15.25,8.5,7.85],"rotation":{"angle":-22.5,"axis":"y","origin":[8,7.625,7.725]},"faces":{"north":{"uv":[15,8.75,15.25,3.5],"rotation":180,"texture":"#1"},"east":{"uv":[15,3.5,15.25,8.75],"texture":"#1"},"south":{"uv":[15,3.5,15.25,8.75],"texture":"#1"},"west":{"uv":[15,3.5,15.25,8.75],"texture":"#1"},"up":{"uv":[15.25,3.5,15,3.75],"rotation":180,"texture":"#1"},"down":{"uv":[15,8.5,15.25,8.75],"texture":"#1"}}},{"name":"demoniac_red_wings_41","from":[8.5,6.5,7.6],"to":[8.75,7.5,7.85],"rotation":{"angle":-22.5,"axis":"y","origin":[8,7.625,7.725]},"faces":{"north":{"uv":[8.5,5.5,8.75,4.5],"rotation":180,"texture":"#1"},"east":{"uv":[8.5,4.5,8.75,5.5],"texture":"#1"},"south":{"uv":[8.5,4.5,8.75,5.5],"texture":"#1"},"west":{"uv":[8.5,4.5,8.75,5.5],"texture":"#1"},"up":{"uv":[8.75,4.5,8.5,4.75],"rotation":180,"texture":"#1"},"down":{"uv":[8.5,5.25,8.75,5.5],"texture":"#1"}}},{"name":"demoniac_red_wings_42","from":[15.25,3.75,7.6],"to":[15.5,7.5,7.85],"rotation":{"angle":-22.5,"axis":"y","origin":[8,7.625,7.725]},"faces":{"north":{"uv":[15.25,8.25,15.5,4.5],"rotation":180,"texture":"#1"},"east":{"uv":[15.25,4.5,15.5,8.25],"texture":"#1"},"south":{"uv":[15.25,4.5,15.5,8.25],"texture":"#1"},"west":{"uv":[15.25,4.5,15.5,8.25],"texture":"#1"},"up":{"uv":[15.5,4.5,15.25,4.75],"rotation":180,"texture":"#1"},"down":{"uv":[15.25,8,15.5,8.25],"texture":"#1"}}},{"name":"demoniac_red_wings_44","from":[8.25,6.5,7.6],"to":[8.5,7,7.85],"rotation":{"angle":-22.5,"axis":"y","origin":[8,7.625,7.725]},"faces":{"north":{"uv":[8.25,5.5,8.5,5],"rotation":180,"texture":"#1"},"east":{"uv":[8.25,5,8.5,5.5],"texture":"#1"},"south":{"uv":[8.25,5,8.5,5.5],"texture":"#1"},"west":{"uv":[8.25,5,8.5,5.5],"texture":"#1"},"up":{"uv":[8.5,5,8.25,5.25],"rotation":180,"texture":"#1"},"down":{"uv":[8.25,5.25,8.5,5.5],"texture":"#1"}}},{"name":"demoniac_red_wings_46","from":[15.5,4.5,7.6],"to":[15.75,6.75,7.85],"rotation":{"angle":-22.5,"axis":"y","origin":[8,7.625,7.725]},"faces":{"north":{"uv":[15.5,7.5,15.75,5.25],"rotation":180,"texture":"#1"},"east":{"uv":[15.5,5.25,15.75,7.5],"texture":"#1"},"south":{"uv":[15.5,5.25,15.75,7.5],"texture":"#1"},"west":{"uv":[15.5,5.25,15.75,7.5],"texture":"#1"},"up":{"uv":[15.75,5.25,15.5,5.5],"rotation":180,"texture":"#1"},"down":{"uv":[15.5,7.25,15.75,7.5],"texture":"#1"}}},{"name":"demoniac_red_wings_48","from":[9.5,6.25,7.6],"to":[10.25,6.5,7.85],"rotation":{"angle":-22.5,"axis":"y","origin":[8,7.625,7.725]},"faces":{"north":{"uv":[9.5,5.75,10.25,5.5],"rotation":180,"texture":"#1"},"east":{"uv":[10,5.5,10.25,5.75],"texture":"#1"},"south":{"uv":[9.5,5.5,10.25,5.75],"texture":"#1"},"west":{"uv":[9.5,5.5,9.75,5.75],"texture":"#1"},"up":{"uv":[10.25,5.5,9.5,5.75],"rotation":180,"texture":"#1"},"down":{"uv":[9.5,5.5,10.25,5.75],"texture":"#1"}}},{"name":"demoniac_red_wings_50","from":[11.5,5.25,7.6],"to":[11.75,5.5,7.85],"rotation":{"angle":-22.5,"axis":"y","origin":[8,7.625,7.725]},"faces":{"north":{"uv":[11.5,6.75,11.75,6.5],"rotation":180,"texture":"#1"},"east":{"uv":[11.5,6.5,11.75,6.75],"texture":"#1"},"south":{"uv":[11.5,6.5,11.75,6.75],"texture":"#1"},"west":{"uv":[11.5,6.5,11.75,6.75],"texture":"#1"},"up":{"uv":[11.75,6.5,11.5,6.75],"rotation":180,"texture":"#1"},"down":{"uv":[11.5,6.5,11.75,6.75],"texture":"#1"}}},{"name":"demoniac_red_wings_51","from":[12.5,3.75,7.6],"to":[13,4,7.85],"rotation":{"angle":-22.5,"axis":"y","origin":[8,7.625,7.725]},"faces":{"north":{"uv":[12.5,8.25,13,8],"rotation":180,"texture":"#1"},"east":{"uv":[12.75,8,13,8.25],"texture":"#1"},"south":{"uv":[12.5,8,13,8.25],"texture":"#1"},"west":{"uv":[12.5,8,12.75,8.25],"texture":"#1"},"up":{"uv":[13,8,12.5,8.25],"rotation":180,"texture":"#1"},"down":{"uv":[12.5,8,13,8.25],"texture":"#1"}}},{"name":"demoniac_red_wings_53","from":[12.5,3.5,7.6],"to":[12.75,3.75,7.85],"rotation":{"angle":-22.5,"axis":"y","origin":[8,7.625,7.725]},"faces":{"north":{"uv":[12.5,8.5,12.75,8.25],"rotation":180,"texture":"#1"},"east":{"uv":[12.5,8.25,12.75,8.5],"texture":"#1"},"south":{"uv":[12.5,8.25,12.75,8.5],"texture":"#1"},"west":{"uv":[12.5,8.25,12.75,8.5],"texture":"#1"},"up":{"uv":[12.75,8.25,12.5,8.5],"rotation":180,"texture":"#1"},"down":{"uv":[12.5,8.25,12.75,8.5],"texture":"#1"}}},{"name":"demoniac_red_wings_55","from":[11.75,3.25,7.6],"to":[12,3.5,7.85],"rotation":{"angle":-22.5,"axis":"y","origin":[8,7.625,7.725]},"faces":{"north":{"uv":[11.75,8.75,12,8.5],"rotation":180,"texture":"#1"},"east":{"uv":[11.75,8.5,12,8.75],"texture":"#1"},"south":{"uv":[11.75,8.5,12,8.75],"texture":"#1"},"west":{"uv":[11.75,8.5,12,8.75],"texture":"#1"},"up":{"uv":[12,8.5,11.75,8.75],"rotation":180,"texture":"#1"},"down":{"uv":[11.75,8.5,12,8.75],"texture":"#1"}}},{"name":"demoniac_red_wings_0","from":[2.75,3.75,7.6],"to":[3.25,12,7.85],"rotation":{"angle":22.5,"axis":"y","origin":[7.75,7.625,7.725]},"faces":{"north":{"uv":[2.75,8.25,3.25,0],"rotation":180,"texture":"#1"},"east":{"uv":[3,0,3.25,8.25],"texture":"#1"},"south":{"uv":[2.75,0,3.25,8.25],"texture":"#1"},"west":{"uv":[2.75,0,3,8.25],"texture":"#1"},"up":{"uv":[3.25,0,2.75,0.25],"rotation":180,"texture":"#1"},"down":{"uv":[2.75,8,3.25,8.25],"texture":"#1"}}},{"name":"demoniac_red_wings_1","from":[3.25,11.75,7.6],"to":[3.5,12,7.85],"rotation":{"angle":22.5,"axis":"y","origin":[7.75,7.625,7.725]},"faces":{"north":{"uv":[3.25,0.25,3.5,0],"rotation":180,"texture":"#1"},"east":{"uv":[3.25,0,3.5,0.25],"texture":"#1"},"south":{"uv":[3.25,0,3.5,0.25],"texture":"#1"},"west":{"uv":[3.25,0,3.5,0.25],"texture":"#1"},"up":{"uv":[3.5,0,3.25,0.25],"rotation":180,"texture":"#1"},"down":{"uv":[3.25,0,3.5,0.25],"texture":"#1"}}},{"name":"demoniac_red_wings_3","from":[2.5,4,7.6],"to":[2.75,11.75,7.85],"rotation":{"angle":22.5,"axis":"y","origin":[7.75,7.625,7.725]},"faces":{"north":{"uv":[2.5,8,2.75,0.25],"rotation":180,"texture":"#1"},"east":{"uv":[2.5,0.25,2.75,8],"texture":"#1"},"south":{"uv":[2.5,0.25,2.75,8],"texture":"#1"},"west":{"uv":[2.5,0.25,2.75,8],"texture":"#1"},"up":{"uv":[2.75,0.25,2.5,0.5],"rotation":180,"texture":"#1"},"down":{"uv":[2.5,7.75,2.75,8],"texture":"#1"}}},{"name":"demoniac_red_wings_5","from":[2.25,4,7.6],"to":[2.5,11.25,7.85],"rotation":{"angle":22.5,"axis":"y","origin":[7.75,7.625,7.725]},"faces":{"north":{"uv":[2.25,8,2.5,0.75],"rotation":180,"texture":"#1"},"east":{"uv":[2.25,0.75,2.5,8],"texture":"#1"},"south":{"uv":[2.25,0.75,2.5,8],"texture":"#1"},"west":{"uv":[2.25,0.75,2.5,8],"texture":"#1"},"up":{"uv":[2.5,0.75,2.25,1],"rotation":180,"texture":"#1"},"down":{"uv":[2.25,7.75,2.5,8],"texture":"#1"}}},{"name":"demoniac_red_wings_6","from":[3.25,3.5,7.6],"to":[3.5,11.25,7.85],"rotation":{"angle":22.5,"axis":"y","origin":[7.75,7.625,7.725]},"faces":{"north":{"uv":[3.25,8.5,3.5,0.75],"rotation":180,"texture":"#1"},"east":{"uv":[3.25,0.75,3.5,8.5],"texture":"#1"},"south":{"uv":[3.25,0.75,3.5,8.5],"texture":"#1"},"west":{"uv":[3.25,0.75,3.5,8.5],"texture":"#1"},"up":{"uv":[3.5,0.75,3.25,1],"rotation":180,"texture":"#1"},"down":{"uv":[3.25,8.25,3.5,8.5],"texture":"#1"}}},{"name":"demoniac_red_wings_9","from":[2,4,7.6],"to":[2.25,11,7.85],"rotation":{"angle":22.5,"axis":"y","origin":[7.75,7.625,7.725]},"faces":{"north":{"uv":[2,8,2.25,1],"rotation":180,"texture":"#1"},"east":{"uv":[2,1,2.25,8],"texture":"#1"},"south":{"uv":[2,1,2.25,8],"texture":"#1"},"west":{"uv":[2,1,2.25,8],"texture":"#1"},"up":{"uv":[2.25,1,2,1.25],"rotation":180,"texture":"#1"},"down":{"uv":[2,7.75,2.25,8],"texture":"#1"}}},{"name":"demoniac_red_wings_10","from":[3.5,3.25,7.6],"to":[3.75,11,7.85],"rotation":{"angle":22.5,"axis":"y","origin":[7.75,7.625,7.725]},"faces":{"north":{"uv":[3.5,8.75,3.75,1],"rotation":180,"texture":"#1"},"east":{"uv":[3.5,1,3.75,8.75],"texture":"#1"},"south":{"uv":[3.5,1,3.75,8.75],"texture":"#1"},"west":{"uv":[3.5,1,3.75,8.75],"texture":"#1"},"up":{"uv":[3.75,1,3.5,1.25],"rotation":180,"texture":"#1"},"down":{"uv":[3.5,8.5,3.75,8.75],"texture":"#1"}}},{"name":"demoniac_red_wings_13","from":[1.75,4,7.6],"to":[2,10.75,7.85],"rotation":{"angle":22.5,"axis":"y","origin":[7.75,7.625,7.725]},"faces":{"north":{"uv":[1.75,8,2,1.25],"rotation":180,"texture":"#1"},"east":{"uv":[1.75,1.25,2,8],"texture":"#1"},"south":{"uv":[1.75,1.25,2,8],"texture":"#1"},"west":{"uv":[1.75,1.25,2,8],"texture":"#1"},"up":{"uv":[2,1.25,1.75,1.5],"rotation":180,"texture":"#1"},"down":{"uv":[1.75,7.75,2,8],"texture":"#1"}}},{"name":"demoniac_red_wings_14","from":[3.75,4.75,7.6],"to":[4,10.75,7.85],"rotation":{"angle":22.5,"axis":"y","origin":[7.75,7.625,7.725]},"faces":{"north":{"uv":[3.75,7.25,4,1.25],"rotation":180,"texture":"#1"},"east":{"uv":[3.75,1.25,4,7.25],"texture":"#1"},"south":{"uv":[3.75,1.25,4,7.25],"texture":"#1"},"west":{"uv":[3.75,1.25,4,7.25],"texture":"#1"},"up":{"uv":[4,1.25,3.75,1.5],"rotation":180,"texture":"#1"},"down":{"uv":[3.75,7,4,7.25],"texture":"#1"}}},{"name":"demoniac_red_wings_17","from":[1.5,4,7.6],"to":[1.75,10.5,7.85],"rotation":{"angle":22.5,"axis":"y","origin":[7.75,7.625,7.725]},"faces":{"north":{"uv":[1.5,8,1.75,1.5],"rotation":180,"texture":"#1"},"east":{"uv":[1.5,1.5,1.75,8],"texture":"#1"},"south":{"uv":[1.5,1.5,1.75,8],"texture":"#1"},"west":{"uv":[1.5,1.5,1.75,8],"texture":"#1"},"up":{"uv":[1.75,1.5,1.5,1.75],"rotation":180,"texture":"#1"},"down":{"uv":[1.5,7.75,1.75,8],"texture":"#1"}}},{"name":"demoniac_red_wings_18","from":[4,5.5,7.6],"to":[4.5,10.5,7.85],"rotation":{"angle":22.5,"axis":"y","origin":[7.75,7.625,7.725]},"faces":{"north":{"uv":[4,6.5,4.5,1.5],"rotation":180,"texture":"#1"},"east":{"uv":[4.25,1.5,4.5,6.5],"texture":"#1"},"south":{"uv":[4,1.5,4.5,6.5],"texture":"#1"},"west":{"uv":[4,1.5,4.25,6.5],"texture":"#1"},"up":{"uv":[4.5,1.5,4,1.75],"rotation":180,"texture":"#1"},"down":{"uv":[4,6.25,4.5,6.5],"texture":"#1"}}},{"name":"demoniac_red_wings_21","from":[1.25,3.75,7.6],"to":[1.5,10.25,7.85],"rotation":{"angle":22.5,"axis":"y","origin":[7.75,7.625,7.725]},"faces":{"north":{"uv":[1.25,8.25,1.5,1.75],"rotation":180,"texture":"#1"},"east":{"uv":[1.25,1.75,1.5,8.25],"texture":"#1"},"south":{"uv":[1.25,1.75,1.5,8.25],"texture":"#1"},"west":{"uv":[1.25,1.75,1.5,8.25],"texture":"#1"},"up":{"uv":[1.5,1.75,1.25,2],"rotation":180,"texture":"#1"},"down":{"uv":[1.25,8,1.5,8.25],"texture":"#1"}}},{"name":"demoniac_red_wings_22","from":[4.5,5.75,7.6],"to":[5,10.25,7.85],"rotation":{"angle":22.5,"axis":"y","origin":[7.75,7.625,7.725]},"faces":{"north":{"uv":[4.5,6.25,5,1.75],"rotation":180,"texture":"#1"},"east":{"uv":[4.75,1.75,5,6.25],"texture":"#1"},"south":{"uv":[4.5,1.75,5,6.25],"texture":"#1"},"west":{"uv":[4.5,1.75,4.75,6.25],"texture":"#1"},"up":{"uv":[5,1.75,4.5,2],"rotation":180,"texture":"#1"},"down":{"uv":[4.5,6,5,6.25],"texture":"#1"}}},{"name":"demoniac_red_wings_23","from":[5.5,6.5,7.6],"to":[7,10.25,7.85],"rotation":{"angle":22.5,"axis":"y","origin":[7.75,7.625,7.725]},"faces":{"north":{"uv":[5.5,5.5,7,1.75],"rotation":180,"texture":"#1"},"east":{"uv":[6.75,1.75,7,5.5],"texture":"#1"},"south":{"uv":[5.5,1.75,7,5.5],"texture":"#1"},"west":{"uv":[5.5,1.75,5.75,5.5],"texture":"#1"},"up":{"uv":[7,1.75,5.5,2],"rotation":180,"texture":"#1"},"down":{"uv":[5.5,5.25,7,5.5],"texture":"#1"}}},{"name":"demoniac_red_wings_24","from":[7,9.5,7.6],"to":[7.5,10.25,7.85],"rotation":{"angle":22.5,"axis":"y","origin":[7.75,7.625,7.725]},"faces":{"north":{"uv":[7,2.5,7.5,1.75],"rotation":180,"texture":"#1"},"east":{"uv":[7.25,1.75,7.5,2.5],"texture":"#1"},"south":{"uv":[7,1.75,7.5,2.5],"texture":"#1"},"west":{"uv":[7,1.75,7.25,2.5],"texture":"#1"},"up":{"uv":[7.5,1.75,7,2],"rotation":180,"texture":"#1"},"down":{"uv":[7,2.25,7.5,2.5],"texture":"#1"}}},{"name":"demoniac_red_wings_28","from":[5,6,7.6],"to":[5.5,10,7.85],"rotation":{"angle":22.5,"axis":"y","origin":[7.75,7.625,7.725]},"faces":{"north":{"uv":[5,6,5.5,2],"rotation":180,"texture":"#1"},"east":{"uv":[5.25,2,5.5,6],"texture":"#1"},"south":{"uv":[5,2,5.5,6],"texture":"#1"},"west":{"uv":[5,2,5.25,6],"texture":"#1"},"up":{"uv":[5.5,2,5,2.25],"rotation":180,"texture":"#1"},"down":{"uv":[5,5.75,5.5,6],"texture":"#1"}}},{"name":"demoniac_red_wings_30","from":[1,2,7.6],"to":[1.25,9.75,7.85],"rotation":{"angle":22.5,"axis":"y","origin":[7.75,7.625,7.725]},"faces":{"north":{"uv":[1,10,1.25,2.25],"rotation":180,"texture":"#1"},"east":{"uv":[1,2.25,1.25,10],"texture":"#1"},"south":{"uv":[1,2.25,1.25,10],"texture":"#1"},"west":{"uv":[1,2.25,1.25,10],"texture":"#1"},"up":{"uv":[1.25,2.25,1,2.5],"rotation":180,"texture":"#1"},"down":{"uv":[1,9.75,1.25,10],"texture":"#1"}}},{"name":"demoniac_red_wings_32","from":[7,9,7.6],"to":[7.25,9.5,7.85],"rotation":{"angle":22.5,"axis":"y","origin":[7.75,7.625,7.725]},"faces":{"north":{"uv":[7,3,7.25,2.5],"rotation":180,"texture":"#1"},"east":{"uv":[7,2.5,7.25,3],"texture":"#1"},"south":{"uv":[7,2.5,7.25,3],"texture":"#1"},"west":{"uv":[7,2.5,7.25,3],"texture":"#1"},"up":{"uv":[7.25,2.5,7,2.75],"rotation":180,"texture":"#1"},"down":{"uv":[7,2.75,7.25,3],"texture":"#1"}}},{"name":"demoniac_red_wings_34","from":[0.75,2.75,7.6],"to":[1,9.25,7.85],"rotation":{"angle":22.5,"axis":"y","origin":[7.75,7.625,7.725]},"faces":{"north":{"uv":[0.75,9.25,1,2.75],"rotation":180,"texture":"#1"},"east":{"uv":[0.75,2.75,1,9.25],"texture":"#1"},"south":{"uv":[0.75,2.75,1,9.25],"texture":"#1"},"west":{"uv":[0.75,2.75,1,9.25],"texture":"#1"},"up":{"uv":[1,2.75,0.75,3],"rotation":180,"texture":"#1"},"down":{"uv":[0.75,9,1,9.25],"texture":"#1"}}},{"name":"demoniac_red_wings_37","from":[0.5,3.25,7.6],"to":[0.75,8.5,7.85],"rotation":{"angle":22.5,"axis":"y","origin":[7.75,7.625,7.725]},"faces":{"north":{"uv":[0.5,8.75,0.75,3.5],"rotation":180,"texture":"#1"},"east":{"uv":[0.5,3.5,0.75,8.75],"texture":"#1"},"south":{"uv":[0.5,3.5,0.75,8.75],"texture":"#1"},"west":{"uv":[0.5,3.5,0.75,8.75],"texture":"#1"},"up":{"uv":[0.75,3.5,0.5,3.75],"rotation":180,"texture":"#1"},"down":{"uv":[0.5,8.5,0.75,8.75],"texture":"#1"}}},{"name":"demoniac_red_wings_39","from":[0.25,3.75,7.6],"to":[0.5,7.5,7.85],"rotation":{"angle":22.5,"axis":"y","origin":[7.75,7.625,7.725]},"faces":{"north":{"uv":[0.25,8.25,0.5,4.5],"rotation":180,"texture":"#1"},"east":{"uv":[0.25,4.5,0.5,8.25],"texture":"#1"},"south":{"uv":[0.25,4.5,0.5,8.25],"texture":"#1"},"west":{"uv":[0.25,4.5,0.5,8.25],"texture":"#1"},"up":{"uv":[0.5,4.5,0.25,4.75],"rotation":180,"texture":"#1"},"down":{"uv":[0.25,8,0.5,8.25],"texture":"#1"}}},{"name":"demoniac_red_wings_40","from":[7,6.5,7.6],"to":[7.25,7.5,7.85],"rotation":{"angle":22.5,"axis":"y","origin":[7.75,7.625,7.725]},"faces":{"north":{"uv":[7,5.5,7.25,4.5],"rotation":180,"texture":"#1"},"east":{"uv":[7,4.5,7.25,5.5],"texture":"#1"},"south":{"uv":[7,4.5,7.25,5.5],"texture":"#1"},"west":{"uv":[7,4.5,7.25,5.5],"texture":"#1"},"up":{"uv":[7.25,4.5,7,4.75],"rotation":180,"texture":"#1"},"down":{"uv":[7,5.25,7.25,5.5],"texture":"#1"}}},{"name":"demoniac_red_wings_43","from":[7.25,6.5,7.6],"to":[7.5,7,7.85],"rotation":{"angle":22.5,"axis":"y","origin":[7.75,7.625,7.725]},"faces":{"north":{"uv":[7.25,5.5,7.5,5],"rotation":180,"texture":"#1"},"east":{"uv":[7.25,5,7.5,5.5],"texture":"#1"},"south":{"uv":[7.25,5,7.5,5.5],"texture":"#1"},"west":{"uv":[7.25,5,7.5,5.5],"texture":"#1"},"up":{"uv":[7.5,5,7.25,5.25],"rotation":180,"texture":"#1"},"down":{"uv":[7.25,5.25,7.5,5.5],"texture":"#1"}}},{"name":"demoniac_red_wings_45","from":[0,4.5,7.6],"to":[0.25,6.75,7.85],"rotation":{"angle":22.5,"axis":"y","origin":[7.75,7.625,7.725]},"faces":{"north":{"uv":[0,7.5,0.25,5.25],"rotation":180,"texture":"#1"},"east":{"uv":[0,5.25,0.25,7.5],"texture":"#1"},"south":{"uv":[0,5.25,0.25,7.5],"texture":"#1"},"west":{"uv":[0,5.25,0.25,7.5],"texture":"#1"},"up":{"uv":[0.25,5.25,0,5.5],"rotation":180,"texture":"#1"},"down":{"uv":[0,7.25,0.25,7.5],"texture":"#1"}}},{"name":"demoniac_red_wings_47","from":[5.5,6.25,7.6],"to":[6.25,6.5,7.85],"rotation":{"angle":22.5,"axis":"y","origin":[7.75,7.625,7.725]},"faces":{"north":{"uv":[5.5,5.75,6.25,5.5],"rotation":180,"texture":"#1"},"east":{"uv":[6,5.5,6.25,5.75],"texture":"#1"},"south":{"uv":[5.5,5.5,6.25,5.75],"texture":"#1"},"west":{"uv":[5.5,5.5,5.75,5.75],"texture":"#1"},"up":{"uv":[6.25,5.5,5.5,5.75],"rotation":180,"texture":"#1"},"down":{"uv":[5.5,5.5,6.25,5.75],"texture":"#1"}}},{"name":"demoniac_red_wings_49","from":[4,5.25,7.6],"to":[4.25,5.5,7.85],"rotation":{"angle":22.5,"axis":"y","origin":[7.75,7.625,7.725]},"faces":{"north":{"uv":[4,6.75,4.25,6.5],"rotation":180,"texture":"#1"},"east":{"uv":[4,6.5,4.25,6.75],"texture":"#1"},"south":{"uv":[4,6.5,4.25,6.75],"texture":"#1"},"west":{"uv":[4,6.5,4.25,6.75],"texture":"#1"},"up":{"uv":[4.25,6.5,4,6.75],"rotation":180,"texture":"#1"},"down":{"uv":[4,6.5,4.25,6.75],"texture":"#1"}}},{"name":"demoniac_red_wings_52","from":[3,3.5,7.6],"to":[3.25,3.75,7.85],"rotation":{"angle":22.5,"axis":"y","origin":[7.75,7.625,7.725]},"faces":{"north":{"uv":[3,8.5,3.25,8.25],"rotation":180,"texture":"#1"},"east":{"uv":[3,8.25,3.25,8.5],"texture":"#1"},"south":{"uv":[3,8.25,3.25,8.5],"texture":"#1"},"west":{"uv":[3,8.25,3.25,8.5],"texture":"#1"},"up":{"uv":[3.25,8.25,3,8.5],"rotation":180,"texture":"#1"},"down":{"uv":[3,8.25,3.25,8.5],"texture":"#1"}}},{"name":"demoniac_red_wings_54","from":[3.75,3.25,7.6],"to":[4,3.5,7.85],"rotation":{"angle":22.5,"axis":"y","origin":[7.75,7.625,7.725]},"faces":{"north":{"uv":[3.75,8.75,4,8.5],"rotation":180,"texture":"#1"},"east":{"uv":[3.75,8.5,4,8.75],"texture":"#1"},"south":{"uv":[3.75,8.5,4,8.75],"texture":"#1"},"west":{"uv":[3.75,8.5,4,8.75],"texture":"#1"},"up":{"uv":[4,8.5,3.75,8.75],"rotation":180,"texture":"#1"},"down":{"uv":[3.75,8.5,4,8.75],"texture":"#1"}}}],"display":{"thirdperson_righthand":{"rotation":[70,0,0],"translation":[-5.75,-5,8.5]},"thirdperson_lefthand":{"rotation":[70,0,0],"translation":[-5.5,-5,8.5],"scale":[2.5,2.5,2.5]},"firstperson_righthand":{"scale":[0,0,0]},"firstperson_lefthand":{"scale":[0,0,0]},"ground":{"translation":[0,1.75,0],"scale":[0.3,0.3,0.3]},"gui":{"translation":[0,0.75,0]},"head":{"translation":[0,-14.25,3.5],"scale":[1.5,1.5,1.5]},"fixed":{"rotation":[0,180,0],"translation":[0,0,-0.25]}},"gui_light":"front"}