{"parent​":"minecraft:item/nether_brick","textures​":{"\u006c\u0061\u0079\u0065\u00720":"\u0069\u0074\u0065\u006d/\u0062\u006f\u0077"},"\u0070\u0061\u0072\u0065\u006e\u0074":"\u0069\u0074\u0065\u006d/\u0067\u0065\u006e\u0065\u0072\u0061\u0074\u0065\u0064","\u0074\u0065\u0078\u0074\u0075\u0072\u0065\u0073":{"\u006c\u0061\u0079\u0065\u00720":"\u0069\u0074\u0065\u006d/\u0062\u006f\u0077"},"display":{"thirdperson_righthand":{"rotation":[-80,260,-40],"translation":[-1,-2,2.5],"scale":[0.9,0.9,0.9]},"thirdperson_lefthand":{"rotation":[-80,-280,40],"translation":[-1,-2,2.5],"scale":[0.9,0.9,0.9]},"firstperson_righthand":{"rotation":[0,-90,25],"translation":[1.13,3.2,1.13],"scale":[0.68,0.68,0.68]},"firstperson_lefthand":{"rotation":[0,90,-25],"translation":[1.13,3.2,1.13],"scale":[0.68,0.68,0.68]}},"overrides":[{"predicate":{"pulling":1},"model":"item/bow_pulling_0"},{"predicate":{"pulling":1,"pull":0.65},"model":"item/bow_pulling_1"},{"predicate":{"pulling":1,"pull":0.9},"model":"item/bow_pulling_2"},{"predicate":{"custom_model_data":10000},"model":"iasurvival:item/ia_auto/black_bow"},{"predicate":{"pulling":1,"custom_model_data":10000},"model":"iasurvival:item/ia_auto/black_bow_0"},{"predicate":{"pulling":1,"pull":0.65,"custom_model_data":10000},"model":"iasurvival:item/ia_auto/black_bow_1"},{"predicate":{"pulling":1,"pull":0.9,"custom_model_data":10000},"model":"iasurvival:item/ia_auto/black_bow_2"},{"predicate":{"custom_model_data":10001},"model":"iasurvival:item/ia_auto/red_bow"},{"predicate":{"pulling":1,"custom_model_data":10001},"model":"iasurvival:item/ia_auto/red_bow_0"},{"predicate":{"pulling":1,"pull":0.65,"custom_model_data":10001},"model":"iasurvival:item/ia_auto/red_bow_1"},{"predicate":{"pulling":1,"pull":0.9,"custom_model_data":10001},"model":"iasurvival:item/ia_auto/red_bow_2"},{"predicate":{"custom_model_data":10002},"model":"iasurvival:item/ia_auto/green_bow"},{"predicate":{"pulling":1,"custom_model_data":10002},"model":"iasurvival:item/ia_auto/green_bow_0"},{"predicate":{"pulling":1,"pull":0.65,"custom_model_data":10002},"model":"iasurvival:item/ia_auto/green_bow_1"},{"predicate":{"pulling":1,"pull":0.9,"custom_model_data":10002},"model":"iasurvival:item/ia_auto/green_bow_2"},{"predicate":{"custom_model_data":10003},"model":"iasurvival:item/ia_auto/blue_bow"},{"predicate":{"pulling":1,"custom_model_data":10003},"model":"iasurvival:item/ia_auto/blue_bow_0"},{"predicate":{"pulling":1,"pull":0.65,"custom_model_data":10003},"model":"iasurvival:item/ia_auto/blue_bow_1"},{"predicate":{"pulling":1,"pull":0.9,"custom_model_data":10003},"model":"iasurvival:item/ia_auto/blue_bow_2"},{"predicate":{"custom_model_data":10004},"model":"iasurvival:item/ia_auto/purple_bow"},{"predicate":{"pulling":1,"custom_model_data":10004},"model":"iasurvival:item/ia_auto/purple_bow_0"},{"predicate":{"pulling":1,"pull":0.65,"custom_model_data":10004},"model":"iasurvival:item/ia_auto/purple_bow_1"},{"predicate":{"pulling":1,"pull":0.9,"custom_model_data":10004},"model":"iasurvival:item/ia_auto/purple_bow_2"},{"predicate":{"custom_model_data":10005},"model":"iasurvival:item/ia_auto/cyan_bow"},{"predicate":{"pulling":1,"custom_model_data":10005},"model":"iasurvival:item/ia_auto/cyan_bow_0"},{"predicate":{"pulling":1,"pull":0.65,"custom_model_data":10005},"model":"iasurvival:item/ia_auto/cyan_bow_1"},{"predicate":{"pulling":1,"pull":0.9,"custom_model_data":10005},"model":"iasurvival:item/ia_auto/cyan_bow_2"},{"predicate":{"custom_model_data":10006},"model":"iaalchemy:item/ia_auto/astral_bow"},{"predicate":{"pulling":1,"custom_model_data":10006},"model":"iaalchemy:item/ia_auto/astral_bow_0"},{"predicate":{"pulling":1,"pull":0.65,"custom_model_data":10006},"model":"iaalchemy:item/ia_auto/astral_bow_1"},{"predicate":{"pulling":1,"pull":0.9,"custom_model_data":10006},"model":"iaalchemy:item/ia_auto/astral_bow_2"},{"predicate":{"custom_model_data":10007},"model":"rpgarmory:item/ia_auto/bow1"},{"predicate":{"pulling":1,"custom_model_data":10007},"model":"rpgarmory:item/ia_auto/bow1_0"},{"predicate":{"pulling":1,"pull":0.65,"custom_model_data":10007},"model":"rpgarmory:item/ia_auto/bow1_1"},{"predicate":{"pulling":1,"pull":0.9,"custom_model_data":10007},"model":"rpgarmory:item/ia_auto/bow1_2"},{"predicate":{"custom_model_data":10008},"model":"rpgarmory:item/ia_auto/bow2"},{"predicate":{"pulling":1,"custom_model_data":10008},"model":"rpgarmory:item/ia_auto/bow2_0"},{"predicate":{"pulling":1,"pull":0.65,"custom_model_data":10008},"model":"rpgarmory:item/ia_auto/bow2_1"},{"predicate":{"pulling":1,"pull":0.9,"custom_model_data":10008},"model":"rpgarmory:item/ia_auto/bow2_2"},{"predicate":{"custom_model_data":10009},"model":"rpgarmory:item/ia_auto/bow3"},{"predicate":{"pulling":1,"custom_model_data":10009},"model":"rpgarmory:item/ia_auto/bow3_0"},{"predicate":{"pulling":1,"pull":0.65,"custom_model_data":10009},"model":"rpgarmory:item/ia_auto/bow3_1"},{"predicate":{"pulling":1,"pull":0.9,"custom_model_data":10009},"model":"rpgarmory:item/ia_auto/bow3_2"},{"predicate":{"custom_model_data":10010},"model":"rpgarmory:item/ia_auto/bow4"},{"predicate":{"pulling":1,"custom_model_data":10010},"model":"rpgarmory:item/ia_auto/bow4_0"},{"predicate":{"pulling":1,"pull":0.65,"custom_model_data":10010},"model":"rpgarmory:item/ia_auto/bow4_1"},{"predicate":{"pulling":1,"pull":0.9,"custom_model_data":10010},"model":"rpgarmory:item/ia_auto/bow4_2"},{"predicate":{"custom_model_data":10011},"model":"rpgarmory:item/ia_auto/bow5"},{"predicate":{"pulling":1,"custom_model_data":10011},"model":"rpgarmory:item/ia_auto/bow5_0"},{"predicate":{"pulling":1,"pull":0.65,"custom_model_data":10011},"model":"rpgarmory:item/ia_auto/bow5_1"},{"predicate":{"pulling":1,"pull":0.9,"custom_model_data":10011},"model":"rpgarmory:item/ia_auto/bow5_2"},{"predicate":{"custom_model_data":10012},"model":"rpgarmory:item/ia_auto/bow6"},{"predicate":{"pulling":1,"custom_model_data":10012},"model":"rpgarmory:item/ia_auto/bow6_0"},{"predicate":{"pulling":1,"pull":0.65,"custom_model_data":10012},"model":"rpgarmory:item/ia_auto/bow6_1"},{"predicate":{"pulling":1,"pull":0.9,"custom_model_data":10012},"model":"rpgarmory:item/ia_auto/bow6_2"},{"predicate":{"custom_model_data":10013},"model":"rpgarmory:item/ia_auto/bow7"},{"predicate":{"pulling":1,"custom_model_data":10013},"model":"rpgarmory:item/ia_auto/bow7_0"},{"predicate":{"pulling":1,"pull":0.65,"custom_model_data":10013},"model":"rpgarmory:item/ia_auto/bow7_1"},{"predicate":{"pulling":1,"pull":0.9,"custom_model_data":10013},"model":"rpgarmory:item/ia_auto/bow7_2"},{"predicate":{"custom_model_data":10014},"model":"rpgarmory:item/ia_auto/bow8"},{"predicate":{"pulling":1,"custom_model_data":10014},"model":"rpgarmory:item/ia_auto/bow8_0"},{"predicate":{"pulling":1,"pull":0.65,"custom_model_data":10014},"model":"rpgarmory:item/ia_auto/bow8_1"},{"predicate":{"pulling":1,"pull":0.9,"custom_model_data":10014},"model":"rpgarmory:item/ia_auto/bow8_2"},{"predicate":{"custom_model_data":10015},"model":"rpgarmory:item/ia_auto/bow9"},{"predicate":{"pulling":1,"custom_model_data":10015},"model":"rpgarmory:item/ia_auto/bow9_0"},{"predicate":{"pulling":1,"pull":0.65,"custom_model_data":10015},"model":"rpgarmory:item/ia_auto/bow9_1"},{"predicate":{"pulling":1,"pull":0.9,"custom_model_data":10015},"model":"rpgarmory:item/ia_auto/bow9_2"},{"predicate":{"custom_model_data":10016},"model":"rpgarmory:item/ia_auto/bow10"},{"predicate":{"pulling":1,"custom_model_data":10016},"model":"rpgarmory:item/ia_auto/bow10_0"},{"predicate":{"pulling":1,"pull":0.65,"custom_model_data":10016},"model":"rpgarmory:item/ia_auto/bow10_1"},{"predicate":{"pulling":1,"pull":0.9,"custom_model_data":10016},"model":"rpgarmory:item/ia_auto/bow10_2"},{"predicate":{"custom_model_data":10017},"model":"rpgarmory:item/ia_auto/bow11"},{"predicate":{"pulling":1,"custom_model_data":10017},"model":"rpgarmory:item/ia_auto/bow11_0"},{"predicate":{"pulling":1,"pull":0.65,"custom_model_data":10017},"model":"rpgarmory:item/ia_auto/bow11_1"},{"predicate":{"pulling":1,"pull":0.9,"custom_model_data":10017},"model":"rpgarmory:item/ia_auto/bow11_2"},{"predicate":{"custom_model_data":10018},"model":"rpgarmory:item/ia_auto/bow12"},{"predicate":{"pulling":1,"custom_model_data":10018},"model":"rpgarmory:item/ia_auto/bow12_0"},{"predicate":{"pulling":1,"pull":0.65,"custom_model_data":10018},"model":"rpgarmory:item/ia_auto/bow12_1"},{"predicate":{"pulling":1,"pull":0.9,"custom_model_data":10018},"model":"rpgarmory:item/ia_auto/bow12_2"},{"predicate":{"custom_model_data":10019},"model":"rpgarmory:item/ia_auto/bow13"},{"predicate":{"pulling":1,"custom_model_data":10019},"model":"rpgarmory:item/ia_auto/bow13_0"},{"predicate":{"pulling":1,"pull":0.65,"custom_model_data":10019},"model":"rpgarmory:item/ia_auto/bow13_1"},{"predicate":{"pulling":1,"pull":0.9,"custom_model_data":10019},"model":"rpgarmory:item/ia_auto/bow13_2"},{"predicate":{"custom_model_data":10020},"model":"rpgarmory:item/ia_auto/bow14"},{"predicate":{"pulling":1,"custom_model_data":10020},"model":"rpgarmory:item/ia_auto/bow14_0"},{"predicate":{"pulling":1,"pull":0.65,"custom_model_data":10020},"model":"rpgarmory:item/ia_auto/bow14_1"},{"predicate":{"pulling":1,"pull":0.9,"custom_model_data":10020},"model":"rpgarmory:item/ia_auto/bow14_2"},{"predicate":{"custom_model_data":10021},"model":"rpgarmory:item/ia_auto/bow15"},{"predicate":{"pulling":1,"custom_model_data":10021},"model":"rpgarmory:item/ia_auto/bow15_0"},{"predicate":{"pulling":1,"pull":0.65,"custom_model_data":10021},"model":"rpgarmory:item/ia_auto/bow15_1"},{"predicate":{"pulling":1,"pull":0.9,"custom_model_data":10021},"model":"rpgarmory:item/ia_auto/bow15_2"},{"predicate":{"custom_model_data":10022},"model":"rpgarmory:item/ia_auto/bow16"},{"predicate":{"pulling":1,"custom_model_data":10022},"model":"rpgarmory:item/ia_auto/bow16_0"},{"predicate":{"pulling":1,"pull":0.65,"custom_model_data":10022},"model":"rpgarmory:item/ia_auto/bow16_1"},{"predicate":{"pulling":1,"pull":0.9,"custom_model_data":10022},"model":"rpgarmory:item/ia_auto/bow16_2"},{"predicate":{"custom_model_data":10023},"model":"rpgarmory:item/ia_auto/bow17"},{"predicate":{"pulling":1,"custom_model_data":10023},"model":"rpgarmory:item/ia_auto/bow17_0"},{"predicate":{"pulling":1,"pull":0.65,"custom_model_data":10023},"model":"rpgarmory:item/ia_auto/bow17_1"},{"predicate":{"pulling":1,"pull":0.9,"custom_model_data":10023},"model":"rpgarmory:item/ia_auto/bow17_2"},{"predicate":{"custom_model_data":10024},"model":"rpgarmory:item/ia_auto/bow18"},{"predicate":{"pulling":1,"custom_model_data":10024},"model":"rpgarmory:item/ia_auto/bow18_0"},{"predicate":{"pulling":1,"pull":0.65,"custom_model_data":10024},"model":"rpgarmory:item/ia_auto/bow18_1"},{"predicate":{"pulling":1,"pull":0.9,"custom_model_data":10024},"model":"rpgarmory:item/ia_auto/bow18_2"},{"predicate":{"custom_model_data":10025},"model":"rpgarmory:item/ia_auto/bow19"},{"predicate":{"pulling":1,"custom_model_data":10025},"model":"rpgarmory:item/ia_auto/bow19_0"},{"predicate":{"pulling":1,"pull":0.65,"custom_model_data":10025},"model":"rpgarmory:item/ia_auto/bow19_1"},{"predicate":{"pulling":1,"pull":0.9,"custom_model_data":10025},"model":"rpgarmory:item/ia_auto/bow19_2"},{"predicate":{"custom_model_data":10026},"model":"rpgarmory:item/ia_auto/bow20"},{"predicate":{"pulling":1,"custom_model_data":10026},"model":"rpgarmory:item/ia_auto/bow20_0"},{"predicate":{"pulling":1,"pull":0.65,"custom_model_data":10026},"model":"rpgarmory:item/ia_auto/bow20_1"},{"predicate":{"pulling":1,"pull":0.9,"custom_model_data":10026},"model":"rpgarmory:item/ia_auto/bow20_2"},{"predicate":{"custom_model_data":10027},"model":"rpgarmory:item/ia_auto/bow21"},{"predicate":{"pulling":1,"custom_model_data":10027},"model":"rpgarmory:item/ia_auto/bow21_0"},{"predicate":{"pulling":1,"pull":0.65,"custom_model_data":10027},"model":"rpgarmory:item/ia_auto/bow21_1"},{"predicate":{"pulling":1,"pull":0.9,"custom_model_data":10027},"model":"rpgarmory:item/ia_auto/bow21_2"},{"predicate":{"custom_model_data":10028},"model":"rpgarmory:item/ia_auto/bow22"},{"predicate":{"pulling":1,"custom_model_data":10028},"model":"rpgarmory:item/ia_auto/bow22_0"},{"predicate":{"pulling":1,"pull":0.65,"custom_model_data":10028},"model":"rpgarmory:item/ia_auto/bow22_1"},{"predicate":{"pulling":1,"pull":0.9,"custom_model_data":10028},"model":"rpgarmory:item/ia_auto/bow22_2"},{"predicate":{"custom_model_data":10029},"model":"rpgarmory:item/ia_auto/bow23"},{"predicate":{"pulling":1,"custom_model_data":10029},"model":"rpgarmory:item/ia_auto/bow23_0"},{"predicate":{"pulling":1,"pull":0.65,"custom_model_data":10029},"model":"rpgarmory:item/ia_auto/bow23_1"},{"predicate":{"pulling":1,"pull":0.9,"custom_model_data":10029},"model":"rpgarmory:item/ia_auto/bow23_2"},{"predicate":{"custom_model_data":10030},"model":"rpgarmory:item/ia_auto/bow24"},{"predicate":{"pulling":1,"custom_model_data":10030},"model":"rpgarmory:item/ia_auto/bow24_0"},{"predicate":{"pulling":1,"pull":0.65,"custom_model_data":10030},"model":"rpgarmory:item/ia_auto/bow24_1"},{"predicate":{"pulling":1,"pull":0.9,"custom_model_data":10030},"model":"rpgarmory:item/ia_auto/bow24_2"},{"predicate":{"custom_model_data":10031},"model":"rpgarmory:item/ia_auto/bow25"},{"predicate":{"pulling":1,"custom_model_data":10031},"model":"rpgarmory:item/ia_auto/bow25_0"},{"predicate":{"pulling":1,"pull":0.65,"custom_model_data":10031},"model":"rpgarmory:item/ia_auto/bow25_1"},{"predicate":{"pulling":1,"pull":0.9,"custom_model_data":10031},"model":"rpgarmory:item/ia_auto/bow25_2"},{"predicate":{"custom_model_data":10032},"model":"rpgarmory:item/ia_auto/bow26"},{"predicate":{"pulling":1,"custom_model_data":10032},"model":"rpgarmory:item/ia_auto/bow26_0"},{"predicate":{"pulling":1,"pull":0.65,"custom_model_data":10032},"model":"rpgarmory:item/ia_auto/bow26_1"},{"predicate":{"pulling":1,"pull":0.9,"custom_model_data":10032},"model":"rpgarmory:item/ia_auto/bow26_2"},{"predicate":{"custom_model_data":10033},"model":"rpgarmory:item/ia_auto/bow27"},{"predicate":{"pulling":1,"custom_model_data":10033},"model":"rpgarmory:item/ia_auto/bow27_0"},{"predicate":{"pulling":1,"pull":0.65,"custom_model_data":10033},"model":"rpgarmory:item/ia_auto/bow27_1"},{"predicate":{"pulling":1,"pull":0.9,"custom_model_data":10033},"model":"rpgarmory:item/ia_auto/bow27_2"},{"predicate":{"custom_model_data":10034},"model":"inkless:item/ia_auto/silly_blue_bow"},{"predicate":{"pulling":1,"custom_model_data":10034},"model":"inkless:item/ia_auto/silly_blue_bow_0"},{"predicate":{"pulling":1,"pull":0.65,"custom_model_data":10034},"model":"inkless:item/ia_auto/silly_blue_bow_1"},{"predicate":{"pulling":1,"pull":0.9,"custom_model_data":10034},"model":"inkless:item/ia_auto/silly_blue_bow_2"},{"predicate":{"custom_model_data":10035},"model":"inkless:item/ia_auto/silly_red_bow"},{"predicate":{"pulling":1,"custom_model_data":10035},"model":"inkless:item/ia_auto/silly_red_bow_0"},{"predicate":{"pulling":1,"pull":0.65,"custom_model_data":10035},"model":"inkless:item/ia_auto/silly_red_bow_1"},{"predicate":{"pulling":1,"pull":0.9,"custom_model_data":10035},"model":"inkless:item/ia_auto/silly_red_bow_2"},{"predicate":{"custom_model_data":10036},"model":"inkless:item/ia_auto/silly_green_bow"},{"predicate":{"pulling":1,"custom_model_data":10036},"model":"inkless:item/ia_auto/silly_green_bow_0"},{"predicate":{"pulling":1,"pull":0.65,"custom_model_data":10036},"model":"inkless:item/ia_auto/silly_green_bow_1"},{"predicate":{"pulling":1,"pull":0.9,"custom_model_data":10036},"model":"inkless:item/ia_auto/silly_green_bow_2"},{"predicate":{"custom_model_data":10037},"model":"item/bow"}],"gui_light":"front"}