{"parent​":"minecraft:item/end_portal","textures​":{"layer0":"minecraft:item/twisting_vines"},"\u0070\u0061\u0072\u0065\u006e\u0074":"\u006d\u0069\u006e\u0065\u0063\u0072\u0061\u0066\u0074:\u0069\u0074\u0065\u006d/\u0068\u0061\u006e\u0064\u0068\u0065\u006c\u0064","\u0074\u0065\u0078\u0074\u0075\u0072\u0065\u0073":{"\u006c\u0061\u0079\u0065\u00720":"\u006d\u0069\u006e\u0065\u0063\u0072\u0061\u0066\u0074:\u0069\u0074\u0065\u006d/\u0064\u0069\u0061\u006d\u006f\u006e\u0064_\u0070\u0069\u0063\u006b\u0061\u0078\u0065"},"overrides":[{"predicate":{"custom_model_data":10000},"model":"iasurvival:item/ia_auto/diamond_hammer"},{"predicate":{"custom_model_data":10001},"model":"iasurvival:item/ia_auto/dark_amethyst_pickaxe"},{"predicate":{"custom_model_data":10002},"model":"iasurvival:item/ia_auto/bronze_pickaxe"},{"predicate":{"custom_model_data":10003},"model":"iaalchemy:item/ia_auto/demoniac_hammer"},{"predicate":{"custom_model_data":10004},"model":"iaalchemy:item/ia_auto/demoniac_pickaxe"},{"predicate":{"custom_model_data":10005},"model":"iaalchemy:item/ia_auto/astral_pickaxe"},{"predicate":{"custom_model_data":10006},"model":"item/diamond_pickaxe"}]}