{"parent​":"minecraft:item/waxed_oxidized_copper_trapdoor","textures​":{"\u006c\u0061\u0079\u0065\u00720":"\u006d\u0069\u006e\u0065\u0063\u0072\u0061\u0066\u0074:\u0069\u0074\u0065\u006d/\u006c\u0065\u0061\u0074\u0068\u0065\u0072_\u006c\u0065\u0067\u0067\u0069\u006e\u0067\u0073","\u006c\u0061\u0079\u0065\u00721":"\u006d\u0069\u006e\u0065\u0063\u0072\u0061\u0066\u0074:\u0069\u0074\u0065\u006d/\u006c\u0065\u0061\u0074\u0068\u0065\u0072_\u006c\u0065\u0067\u0067\u0069\u006e\u0067\u0073_\u006f\u0076\u0065\u0072\u006c\u0061\u0079"},"\u0070\u0061\u0072\u0065\u006e\u0074":"\u006d\u0069\u006e\u0065\u0063\u0072\u0061\u0066\u0074:\u0069\u0074\u0065\u006d/\u0067\u0065\u006e\u0065\u0072\u0061\u0074\u0065\u0064","overrides":[{"model":"minecraft:item/leather_leggings_quartz_trim","predicate":{"trim_type":0.1}},{"model":"minecraft:item/leather_leggings_iron_trim","predicate":{"trim_type":0.2}},{"model":"minecraft:item/leather_leggings_netherite_trim","predicate":{"trim_type":0.3}},{"model":"minecraft:item/leather_leggings_redstone_trim","predicate":{"trim_type":0.4}},{"model":"minecraft:item/leather_leggings_copper_trim","predicate":{"trim_type":0.5}},{"model":"minecraft:item/leather_leggings_gold_trim","predicate":{"trim_type":0.6}},{"model":"minecraft:item/leather_leggings_emerald_trim","predicate":{"trim_type":0.7}},{"model":"minecraft:item/leather_leggings_diamond_trim","predicate":{"trim_type":0.8}},{"model":"minecraft:item/leather_leggings_lapis_trim","predicate":{"trim_type":0.9}},{"model":"minecraft:item/leather_leggings_amethyst_trim","predicate":{"trim_type":1.0}},{"predicate":{"custom_model_data":10000},"model":"iaalchemy:item/ia_auto/mysterious_leggings"},{"predicate":{"trim_type":0.1,"custom_model_data":10000},"model":"iaalchemy:item/ia_auto/mysterious_leggings"},{"predicate":{"trim_type":0.2,"custom_model_data":10000},"model":"iaalchemy:item/ia_auto/mysterious_leggings"},{"predicate":{"trim_type":0.3,"custom_model_data":10000},"model":"iaalchemy:item/ia_auto/mysterious_leggings"},{"predicate":{"trim_type":0.4,"custom_model_data":10000},"model":"iaalchemy:item/ia_auto/mysterious_leggings"},{"predicate":{"trim_type":0.5,"custom_model_data":10000},"model":"iaalchemy:item/ia_auto/mysterious_leggings"},{"predicate":{"trim_type":0.6,"custom_model_data":10000},"model":"iaalchemy:item/ia_auto/mysterious_leggings"},{"predicate":{"trim_type":0.7,"custom_model_data":10000},"model":"iaalchemy:item/ia_auto/mysterious_leggings"},{"predicate":{"trim_type":0.8,"custom_model_data":10000},"model":"iaalchemy:item/ia_auto/mysterious_leggings"},{"predicate":{"trim_type":0.9,"custom_model_data":10000},"model":"iaalchemy:item/ia_auto/mysterious_leggings"},{"predicate":{"trim_type":1.0,"custom_model_data":10000},"model":"iaalchemy:item/ia_auto/mysterious_leggings"},{"predicate":{"custom_model_data":10001},"model":"iasurvival:item/ia_auto/obsidian_leggings"},{"predicate":{"trim_type":0.1,"custom_model_data":10001},"model":"iasurvival:item/ia_auto/obsidian_leggings"},{"predicate":{"trim_type":0.2,"custom_model_data":10001},"model":"iasurvival:item/ia_auto/obsidian_leggings"},{"predicate":{"trim_type":0.3,"custom_model_data":10001},"model":"iasurvival:item/ia_auto/obsidian_leggings"},{"predicate":{"trim_type":0.4,"custom_model_data":10001},"model":"iasurvival:item/ia_auto/obsidian_leggings"},{"predicate":{"trim_type":0.5,"custom_model_data":10001},"model":"iasurvival:item/ia_auto/obsidian_leggings"},{"predicate":{"trim_type":0.6,"custom_model_data":10001},"model":"iasurvival:item/ia_auto/obsidian_leggings"},{"predicate":{"trim_type":0.7,"custom_model_data":10001},"model":"iasurvival:item/ia_auto/obsidian_leggings"},{"predicate":{"trim_type":0.8,"custom_model_data":10001},"model":"iasurvival:item/ia_auto/obsidian_leggings"},{"predicate":{"trim_type":0.9,"custom_model_data":10001},"model":"iasurvival:item/ia_auto/obsidian_leggings"},{"predicate":{"trim_type":1.0,"custom_model_data":10001},"model":"iasurvival:item/ia_auto/obsidian_leggings"},{"predicate":{"custom_model_data":10002},"model":"iasurvival:item/ia_auto/ruby_leggings"},{"predicate":{"trim_type":0.1,"custom_model_data":10002},"model":"iasurvival:item/ia_auto/ruby_leggings"},{"predicate":{"trim_type":0.2,"custom_model_data":10002},"model":"iasurvival:item/ia_auto/ruby_leggings"},{"predicate":{"trim_type":0.3,"custom_model_data":10002},"model":"iasurvival:item/ia_auto/ruby_leggings"},{"predicate":{"trim_type":0.4,"custom_model_data":10002},"model":"iasurvival:item/ia_auto/ruby_leggings"},{"predicate":{"trim_type":0.5,"custom_model_data":10002},"model":"iasurvival:item/ia_auto/ruby_leggings"},{"predicate":{"trim_type":0.6,"custom_model_data":10002},"model":"iasurvival:item/ia_auto/ruby_leggings"},{"predicate":{"trim_type":0.7,"custom_model_data":10002},"model":"iasurvival:item/ia_auto/ruby_leggings"},{"predicate":{"trim_type":0.8,"custom_model_data":10002},"model":"iasurvival:item/ia_auto/ruby_leggings"},{"predicate":{"trim_type":0.9,"custom_model_data":10002},"model":"iasurvival:item/ia_auto/ruby_leggings"},{"predicate":{"trim_type":1.0,"custom_model_data":10002},"model":"iasurvival:item/ia_auto/ruby_leggings"},{"predicate":{"custom_model_data":10003},"model":"iasurvival:item/ia_auto/dark_amethyst_leggings"},{"predicate":{"trim_type":0.1,"custom_model_data":10003},"model":"iasurvival:item/ia_auto/dark_amethyst_leggings"},{"predicate":{"trim_type":0.2,"custom_model_data":10003},"model":"iasurvival:item/ia_auto/dark_amethyst_leggings"},{"predicate":{"trim_type":0.3,"custom_model_data":10003},"model":"iasurvival:item/ia_auto/dark_amethyst_leggings"},{"predicate":{"trim_type":0.4,"custom_model_data":10003},"model":"iasurvival:item/ia_auto/dark_amethyst_leggings"},{"predicate":{"trim_type":0.5,"custom_model_data":10003},"model":"iasurvival:item/ia_auto/dark_amethyst_leggings"},{"predicate":{"trim_type":0.6,"custom_model_data":10003},"model":"iasurvival:item/ia_auto/dark_amethyst_leggings"},{"predicate":{"trim_type":0.7,"custom_model_data":10003},"model":"iasurvival:item/ia_auto/dark_amethyst_leggings"},{"predicate":{"trim_type":0.8,"custom_model_data":10003},"model":"iasurvival:item/ia_auto/dark_amethyst_leggings"},{"predicate":{"trim_type":0.9,"custom_model_data":10003},"model":"iasurvival:item/ia_auto/dark_amethyst_leggings"},{"predicate":{"trim_type":1.0,"custom_model_data":10003},"model":"iasurvival:item/ia_auto/dark_amethyst_leggings"},{"predicate":{"custom_model_data":10004},"model":"iasurvival:item/ia_auto/bronze_leggings"},{"predicate":{"trim_type":0.1,"custom_model_data":10004},"model":"iasurvival:item/ia_auto/bronze_leggings"},{"predicate":{"trim_type":0.2,"custom_model_data":10004},"model":"iasurvival:item/ia_auto/bronze_leggings"},{"predicate":{"trim_type":0.3,"custom_model_data":10004},"model":"iasurvival:item/ia_auto/bronze_leggings"},{"predicate":{"trim_type":0.4,"custom_model_data":10004},"model":"iasurvival:item/ia_auto/bronze_leggings"},{"predicate":{"trim_type":0.5,"custom_model_data":10004},"model":"iasurvival:item/ia_auto/bronze_leggings"},{"predicate":{"trim_type":0.6,"custom_model_data":10004},"model":"iasurvival:item/ia_auto/bronze_leggings"},{"predicate":{"trim_type":0.7,"custom_model_data":10004},"model":"iasurvival:item/ia_auto/bronze_leggings"},{"predicate":{"trim_type":0.8,"custom_model_data":10004},"model":"iasurvival:item/ia_auto/bronze_leggings"},{"predicate":{"trim_type":0.9,"custom_model_data":10004},"model":"iasurvival:item/ia_auto/bronze_leggings"},{"predicate":{"trim_type":1.0,"custom_model_data":10004},"model":"iasurvival:item/ia_auto/bronze_leggings"},{"predicate":{"custom_model_data":10005},"model":"ax_emerald_set:item/ia_auto/emerald_leggings"},{"predicate":{"trim_type":0.1,"custom_model_data":10005},"model":"ax_emerald_set:item/ia_auto/emerald_leggings"},{"predicate":{"trim_type":0.2,"custom_model_data":10005},"model":"ax_emerald_set:item/ia_auto/emerald_leggings"},{"predicate":{"trim_type":0.3,"custom_model_data":10005},"model":"ax_emerald_set:item/ia_auto/emerald_leggings"},{"predicate":{"trim_type":0.4,"custom_model_data":10005},"model":"ax_emerald_set:item/ia_auto/emerald_leggings"},{"predicate":{"trim_type":0.5,"custom_model_data":10005},"model":"ax_emerald_set:item/ia_auto/emerald_leggings"},{"predicate":{"trim_type":0.6,"custom_model_data":10005},"model":"ax_emerald_set:item/ia_auto/emerald_leggings"},{"predicate":{"trim_type":0.7,"custom_model_data":10005},"model":"ax_emerald_set:item/ia_auto/emerald_leggings"},{"predicate":{"trim_type":0.8,"custom_model_data":10005},"model":"ax_emerald_set:item/ia_auto/emerald_leggings"},{"predicate":{"trim_type":0.9,"custom_model_data":10005},"model":"ax_emerald_set:item/ia_auto/emerald_leggings"},{"predicate":{"trim_type":1.0,"custom_model_data":10005},"model":"ax_emerald_set:item/ia_auto/emerald_leggings"},{"predicate":{"custom_model_data":10006},"model":"inkless:item/ia_auto/silly_blue_leggings"},{"predicate":{"trim_type":0.1,"custom_model_data":10006},"model":"inkless:item/ia_auto/silly_blue_leggings"},{"predicate":{"trim_type":0.2,"custom_model_data":10006},"model":"inkless:item/ia_auto/silly_blue_leggings"},{"predicate":{"trim_type":0.3,"custom_model_data":10006},"model":"inkless:item/ia_auto/silly_blue_leggings"},{"predicate":{"trim_type":0.4,"custom_model_data":10006},"model":"inkless:item/ia_auto/silly_blue_leggings"},{"predicate":{"trim_type":0.5,"custom_model_data":10006},"model":"inkless:item/ia_auto/silly_blue_leggings"},{"predicate":{"trim_type":0.6,"custom_model_data":10006},"model":"inkless:item/ia_auto/silly_blue_leggings"},{"predicate":{"trim_type":0.7,"custom_model_data":10006},"model":"inkless:item/ia_auto/silly_blue_leggings"},{"predicate":{"trim_type":0.8,"custom_model_data":10006},"model":"inkless:item/ia_auto/silly_blue_leggings"},{"predicate":{"trim_type":0.9,"custom_model_data":10006},"model":"inkless:item/ia_auto/silly_blue_leggings"},{"predicate":{"trim_type":1.0,"custom_model_data":10006},"model":"inkless:item/ia_auto/silly_blue_leggings"},{"predicate":{"custom_model_data":10007},"model":"inkless:item/ia_auto/silly_green_leggings"},{"predicate":{"trim_type":0.1,"custom_model_data":10007},"model":"inkless:item/ia_auto/silly_green_leggings"},{"predicate":{"trim_type":0.2,"custom_model_data":10007},"model":"inkless:item/ia_auto/silly_green_leggings"},{"predicate":{"trim_type":0.3,"custom_model_data":10007},"model":"inkless:item/ia_auto/silly_green_leggings"},{"predicate":{"trim_type":0.4,"custom_model_data":10007},"model":"inkless:item/ia_auto/silly_green_leggings"},{"predicate":{"trim_type":0.5,"custom_model_data":10007},"model":"inkless:item/ia_auto/silly_green_leggings"},{"predicate":{"trim_type":0.6,"custom_model_data":10007},"model":"inkless:item/ia_auto/silly_green_leggings"},{"predicate":{"trim_type":0.7,"custom_model_data":10007},"model":"inkless:item/ia_auto/silly_green_leggings"},{"predicate":{"trim_type":0.8,"custom_model_data":10007},"model":"inkless:item/ia_auto/silly_green_leggings"},{"predicate":{"trim_type":0.9,"custom_model_data":10007},"model":"inkless:item/ia_auto/silly_green_leggings"},{"predicate":{"trim_type":1.0,"custom_model_data":10007},"model":"inkless:item/ia_auto/silly_green_leggings"},{"predicate":{"custom_model_data":10008},"model":"inkless:item/ia_auto/silly_red_leggings"},{"predicate":{"trim_type":0.1,"custom_model_data":10008},"model":"inkless:item/ia_auto/silly_red_leggings"},{"predicate":{"trim_type":0.2,"custom_model_data":10008},"model":"inkless:item/ia_auto/silly_red_leggings"},{"predicate":{"trim_type":0.3,"custom_model_data":10008},"model":"inkless:item/ia_auto/silly_red_leggings"},{"predicate":{"trim_type":0.4,"custom_model_data":10008},"model":"inkless:item/ia_auto/silly_red_leggings"},{"predicate":{"trim_type":0.5,"custom_model_data":10008},"model":"inkless:item/ia_auto/silly_red_leggings"},{"predicate":{"trim_type":0.6,"custom_model_data":10008},"model":"inkless:item/ia_auto/silly_red_leggings"},{"predicate":{"trim_type":0.7,"custom_model_data":10008},"model":"inkless:item/ia_auto/silly_red_leggings"},{"predicate":{"trim_type":0.8,"custom_model_data":10008},"model":"inkless:item/ia_auto/silly_red_leggings"},{"predicate":{"trim_type":0.9,"custom_model_data":10008},"model":"inkless:item/ia_auto/silly_red_leggings"},{"predicate":{"trim_type":1.0,"custom_model_data":10008},"model":"inkless:item/ia_auto/silly_red_leggings"},{"predicate":{"custom_model_data":10009},"model":"item/leather_leggings"}],"\u0074\u0065\u0078\u0074\u0075\u0072\u0065\u0073":{"\u006c\u0061\u0079\u0065\u00720":"\u006d\u0069\u006e\u0065\u0063\u0072\u0061\u0066\u0074:\u0069\u0074\u0065\u006d/\u006c\u0065\u0061\u0074\u0068\u0065\u0072_\u006c\u0065\u0067\u0067\u0069\u006e\u0067\u0073","\u006c\u0061\u0079\u0065\u00721":"\u006d\u0069\u006e\u0065\u0063\u0072\u0061\u0066\u0074:\u0069\u0074\u0065\u006d/\u006c\u0065\u0061\u0074\u0068\u0065\u0072_\u006c\u0065\u0067\u0067\u0069\u006e\u0067\u0073_\u006f\u0076\u0065\u0072\u006c\u0061\u0079"}}