{"parent​":"minecraft:item/chest_minecart","textures​":{"layer0":"minecraft:item/writable_book"},"\u0070\u0061\u0072\u0065\u006e\u0074":"\u006d\u0069\u006e\u0065\u0063\u0072\u0061\u0066\u0074:\u0069\u0074\u0065\u006d/\u0067\u0065\u006e\u0065\u0072\u0061\u0074\u0065\u0064","overrides":[{"model":"minecraft:item/leather_helmet_quartz_trim","predicate":{"trim_type":0.1}},{"model":"minecraft:item/leather_helmet_iron_trim","predicate":{"trim_type":0.2}},{"model":"minecraft:item/leather_helmet_netherite_trim","predicate":{"trim_type":0.3}},{"model":"minecraft:item/leather_helmet_redstone_trim","predicate":{"trim_type":0.4}},{"model":"minecraft:item/leather_helmet_copper_trim","predicate":{"trim_type":0.5}},{"model":"minecraft:item/leather_helmet_gold_trim","predicate":{"trim_type":0.6}},{"model":"minecraft:item/leather_helmet_emerald_trim","predicate":{"trim_type":0.7}},{"model":"minecraft:item/leather_helmet_diamond_trim","predicate":{"trim_type":0.8}},{"model":"minecraft:item/leather_helmet_lapis_trim","predicate":{"trim_type":0.9}},{"model":"minecraft:item/leather_helmet_amethyst_trim","predicate":{"trim_type":1.0}},{"predicate":{"custom_model_data":10000},"model":"iasurvival:item/ia_auto/obsidian_helmet"},{"predicate":{"trim_type":0.1,"custom_model_data":10000},"model":"iasurvival:item/ia_auto/obsidian_helmet"},{"predicate":{"trim_type":0.2,"custom_model_data":10000},"model":"iasurvival:item/ia_auto/obsidian_helmet"},{"predicate":{"trim_type":0.3,"custom_model_data":10000},"model":"iasurvival:item/ia_auto/obsidian_helmet"},{"predicate":{"trim_type":0.4,"custom_model_data":10000},"model":"iasurvival:item/ia_auto/obsidian_helmet"},{"predicate":{"trim_type":0.5,"custom_model_data":10000},"model":"iasurvival:item/ia_auto/obsidian_helmet"},{"predicate":{"trim_type":0.6,"custom_model_data":10000},"model":"iasurvival:item/ia_auto/obsidian_helmet"},{"predicate":{"trim_type":0.7,"custom_model_data":10000},"model":"iasurvival:item/ia_auto/obsidian_helmet"},{"predicate":{"trim_type":0.8,"custom_model_data":10000},"model":"iasurvival:item/ia_auto/obsidian_helmet"},{"predicate":{"trim_type":0.9,"custom_model_data":10000},"model":"iasurvival:item/ia_auto/obsidian_helmet"},{"predicate":{"trim_type":1.0,"custom_model_data":10000},"model":"iasurvival:item/ia_auto/obsidian_helmet"},{"predicate":{"custom_model_data":10001},"model":"iasurvival:item/ia_auto/ruby_helmet"},{"predicate":{"trim_type":0.1,"custom_model_data":10001},"model":"iasurvival:item/ia_auto/ruby_helmet"},{"predicate":{"trim_type":0.2,"custom_model_data":10001},"model":"iasurvival:item/ia_auto/ruby_helmet"},{"predicate":{"trim_type":0.3,"custom_model_data":10001},"model":"iasurvival:item/ia_auto/ruby_helmet"},{"predicate":{"trim_type":0.4,"custom_model_data":10001},"model":"iasurvival:item/ia_auto/ruby_helmet"},{"predicate":{"trim_type":0.5,"custom_model_data":10001},"model":"iasurvival:item/ia_auto/ruby_helmet"},{"predicate":{"trim_type":0.6,"custom_model_data":10001},"model":"iasurvival:item/ia_auto/ruby_helmet"},{"predicate":{"trim_type":0.7,"custom_model_data":10001},"model":"iasurvival:item/ia_auto/ruby_helmet"},{"predicate":{"trim_type":0.8,"custom_model_data":10001},"model":"iasurvival:item/ia_auto/ruby_helmet"},{"predicate":{"trim_type":0.9,"custom_model_data":10001},"model":"iasurvival:item/ia_auto/ruby_helmet"},{"predicate":{"trim_type":1.0,"custom_model_data":10001},"model":"iasurvival:item/ia_auto/ruby_helmet"},{"predicate":{"custom_model_data":10002},"model":"iasurvival:item/ia_auto/dark_amethyst_helmet"},{"predicate":{"trim_type":0.1,"custom_model_data":10002},"model":"iasurvival:item/ia_auto/dark_amethyst_helmet"},{"predicate":{"trim_type":0.2,"custom_model_data":10002},"model":"iasurvival:item/ia_auto/dark_amethyst_helmet"},{"predicate":{"trim_type":0.3,"custom_model_data":10002},"model":"iasurvival:item/ia_auto/dark_amethyst_helmet"},{"predicate":{"trim_type":0.4,"custom_model_data":10002},"model":"iasurvival:item/ia_auto/dark_amethyst_helmet"},{"predicate":{"trim_type":0.5,"custom_model_data":10002},"model":"iasurvival:item/ia_auto/dark_amethyst_helmet"},{"predicate":{"trim_type":0.6,"custom_model_data":10002},"model":"iasurvival:item/ia_auto/dark_amethyst_helmet"},{"predicate":{"trim_type":0.7,"custom_model_data":10002},"model":"iasurvival:item/ia_auto/dark_amethyst_helmet"},{"predicate":{"trim_type":0.8,"custom_model_data":10002},"model":"iasurvival:item/ia_auto/dark_amethyst_helmet"},{"predicate":{"trim_type":0.9,"custom_model_data":10002},"model":"iasurvival:item/ia_auto/dark_amethyst_helmet"},{"predicate":{"trim_type":1.0,"custom_model_data":10002},"model":"iasurvival:item/ia_auto/dark_amethyst_helmet"},{"predicate":{"custom_model_data":10003},"model":"iasurvival:item/ia_auto/bronze_helmet"},{"predicate":{"trim_type":0.1,"custom_model_data":10003},"model":"iasurvival:item/ia_auto/bronze_helmet"},{"predicate":{"trim_type":0.2,"custom_model_data":10003},"model":"iasurvival:item/ia_auto/bronze_helmet"},{"predicate":{"trim_type":0.3,"custom_model_data":10003},"model":"iasurvival:item/ia_auto/bronze_helmet"},{"predicate":{"trim_type":0.4,"custom_model_data":10003},"model":"iasurvival:item/ia_auto/bronze_helmet"},{"predicate":{"trim_type":0.5,"custom_model_data":10003},"model":"iasurvival:item/ia_auto/bronze_helmet"},{"predicate":{"trim_type":0.6,"custom_model_data":10003},"model":"iasurvival:item/ia_auto/bronze_helmet"},{"predicate":{"trim_type":0.7,"custom_model_data":10003},"model":"iasurvival:item/ia_auto/bronze_helmet"},{"predicate":{"trim_type":0.8,"custom_model_data":10003},"model":"iasurvival:item/ia_auto/bronze_helmet"},{"predicate":{"trim_type":0.9,"custom_model_data":10003},"model":"iasurvival:item/ia_auto/bronze_helmet"},{"predicate":{"trim_type":1.0,"custom_model_data":10003},"model":"iasurvival:item/ia_auto/bronze_helmet"},{"predicate":{"custom_model_data":10004},"model":"ax_emerald_set:item/ia_auto/emerald_helmet"},{"predicate":{"trim_type":0.1,"custom_model_data":10004},"model":"ax_emerald_set:item/ia_auto/emerald_helmet"},{"predicate":{"trim_type":0.2,"custom_model_data":10004},"model":"ax_emerald_set:item/ia_auto/emerald_helmet"},{"predicate":{"trim_type":0.3,"custom_model_data":10004},"model":"ax_emerald_set:item/ia_auto/emerald_helmet"},{"predicate":{"trim_type":0.4,"custom_model_data":10004},"model":"ax_emerald_set:item/ia_auto/emerald_helmet"},{"predicate":{"trim_type":0.5,"custom_model_data":10004},"model":"ax_emerald_set:item/ia_auto/emerald_helmet"},{"predicate":{"trim_type":0.6,"custom_model_data":10004},"model":"ax_emerald_set:item/ia_auto/emerald_helmet"},{"predicate":{"trim_type":0.7,"custom_model_data":10004},"model":"ax_emerald_set:item/ia_auto/emerald_helmet"},{"predicate":{"trim_type":0.8,"custom_model_data":10004},"model":"ax_emerald_set:item/ia_auto/emerald_helmet"},{"predicate":{"trim_type":0.9,"custom_model_data":10004},"model":"ax_emerald_set:item/ia_auto/emerald_helmet"},{"predicate":{"trim_type":1.0,"custom_model_data":10004},"model":"ax_emerald_set:item/ia_auto/emerald_helmet"},{"predicate":{"custom_model_data":10005},"model":"inkless:item/ia_auto/silly_blue_helmet"},{"predicate":{"trim_type":0.1,"custom_model_data":10005},"model":"inkless:item/ia_auto/silly_blue_helmet"},{"predicate":{"trim_type":0.2,"custom_model_data":10005},"model":"inkless:item/ia_auto/silly_blue_helmet"},{"predicate":{"trim_type":0.3,"custom_model_data":10005},"model":"inkless:item/ia_auto/silly_blue_helmet"},{"predicate":{"trim_type":0.4,"custom_model_data":10005},"model":"inkless:item/ia_auto/silly_blue_helmet"},{"predicate":{"trim_type":0.5,"custom_model_data":10005},"model":"inkless:item/ia_auto/silly_blue_helmet"},{"predicate":{"trim_type":0.6,"custom_model_data":10005},"model":"inkless:item/ia_auto/silly_blue_helmet"},{"predicate":{"trim_type":0.7,"custom_model_data":10005},"model":"inkless:item/ia_auto/silly_blue_helmet"},{"predicate":{"trim_type":0.8,"custom_model_data":10005},"model":"inkless:item/ia_auto/silly_blue_helmet"},{"predicate":{"trim_type":0.9,"custom_model_data":10005},"model":"inkless:item/ia_auto/silly_blue_helmet"},{"predicate":{"trim_type":1.0,"custom_model_data":10005},"model":"inkless:item/ia_auto/silly_blue_helmet"},{"predicate":{"custom_model_data":10006},"model":"inkless:item/ia_auto/silly_green_helmet"},{"predicate":{"trim_type":0.1,"custom_model_data":10006},"model":"inkless:item/ia_auto/silly_green_helmet"},{"predicate":{"trim_type":0.2,"custom_model_data":10006},"model":"inkless:item/ia_auto/silly_green_helmet"},{"predicate":{"trim_type":0.3,"custom_model_data":10006},"model":"inkless:item/ia_auto/silly_green_helmet"},{"predicate":{"trim_type":0.4,"custom_model_data":10006},"model":"inkless:item/ia_auto/silly_green_helmet"},{"predicate":{"trim_type":0.5,"custom_model_data":10006},"model":"inkless:item/ia_auto/silly_green_helmet"},{"predicate":{"trim_type":0.6,"custom_model_data":10006},"model":"inkless:item/ia_auto/silly_green_helmet"},{"predicate":{"trim_type":0.7,"custom_model_data":10006},"model":"inkless:item/ia_auto/silly_green_helmet"},{"predicate":{"trim_type":0.8,"custom_model_data":10006},"model":"inkless:item/ia_auto/silly_green_helmet"},{"predicate":{"trim_type":0.9,"custom_model_data":10006},"model":"inkless:item/ia_auto/silly_green_helmet"},{"predicate":{"trim_type":1.0,"custom_model_data":10006},"model":"inkless:item/ia_auto/silly_green_helmet"},{"predicate":{"custom_model_data":10007},"model":"inkless:item/ia_auto/silly_red_helmet"},{"predicate":{"trim_type":0.1,"custom_model_data":10007},"model":"inkless:item/ia_auto/silly_red_helmet"},{"predicate":{"trim_type":0.2,"custom_model_data":10007},"model":"inkless:item/ia_auto/silly_red_helmet"},{"predicate":{"trim_type":0.3,"custom_model_data":10007},"model":"inkless:item/ia_auto/silly_red_helmet"},{"predicate":{"trim_type":0.4,"custom_model_data":10007},"model":"inkless:item/ia_auto/silly_red_helmet"},{"predicate":{"trim_type":0.5,"custom_model_data":10007},"model":"inkless:item/ia_auto/silly_red_helmet"},{"predicate":{"trim_type":0.6,"custom_model_data":10007},"model":"inkless:item/ia_auto/silly_red_helmet"},{"predicate":{"trim_type":0.7,"custom_model_data":10007},"model":"inkless:item/ia_auto/silly_red_helmet"},{"predicate":{"trim_type":0.8,"custom_model_data":10007},"model":"inkless:item/ia_auto/silly_red_helmet"},{"predicate":{"trim_type":0.9,"custom_model_data":10007},"model":"inkless:item/ia_auto/silly_red_helmet"},{"predicate":{"trim_type":1.0,"custom_model_data":10007},"model":"inkless:item/ia_auto/silly_red_helmet"},{"predicate":{"custom_model_data":10008},"model":"item/leather_helmet"}],"\u0074\u0065\u0078\u0074\u0075\u0072\u0065\u0073":{"\u006c\u0061\u0079\u0065\u00720":"\u006d\u0069\u006e\u0065\u0063\u0072\u0061\u0066\u0074:\u0069\u0074\u0065\u006d/\u006c\u0065\u0061\u0074\u0068\u0065\u0072_\u0068\u0065\u006c\u006d\u0065\u0074","\u006c\u0061\u0079\u0065\u00721":"\u006d\u0069\u006e\u0065\u0063\u0072\u0061\u0066\u0074:\u0069\u0074\u0065\u006d/\u006c\u0065\u0061\u0074\u0068\u0065\u0072_\u0068\u0065\u006c\u006d\u0065\u0074_\u006f\u0076\u0065\u0072\u006c\u0061\u0079"}}