{"parent​":"minecraft:item/wither_skeleton_skull","textures​":{"layer0":"minecraft:item/dead_fire_coral"},"\u0070\u0061\u0072\u0065\u006e\u0074":"\u006d\u0069\u006e\u0065\u0063\u0072\u0061\u0066\u0074:\u0069\u0074\u0065\u006d/\u0068\u0061\u006e\u0064\u0068\u0065\u006c\u0064","\u0074\u0065\u0078\u0074\u0075\u0072\u0065\u0073":{"\u006c\u0061\u0079\u0065\u00720":"\u006d\u0069\u006e\u0065\u0063\u0072\u0061\u0066\u0074:\u0069\u0074\u0065\u006d/\u0069\u0072\u006f\u006e_\u0070\u0069\u0063\u006b\u0061\u0078\u0065"},"overrides":[{"predicate":{"custom_model_data":10000},"model":"iasurvival:item/ia_auto/ruby_pickaxe"},{"predicate":{"custom_model_data":10001},"model":"ax_emerald_set:item/ia_auto/emerald_pickaxe"},{"predicate":{"custom_model_data":10002},"model":"pickaxepack:item/ia_auto/pickaxe1"},{"predicate":{"custom_model_data":10003},"model":"pickaxepack:item/ia_auto/pickaxe2"},{"predicate":{"custom_model_data":10004},"model":"pickaxepack:item/ia_auto/pickaxe3"},{"predicate":{"custom_model_data":10005},"model":"pickaxepack:item/ia_auto/pickaxe4"},{"predicate":{"custom_model_data":10006},"model":"pickaxepack:item/ia_auto/pickaxe5"},{"predicate":{"custom_model_data":10007},"model":"pickaxepack:item/ia_auto/pickaxe6"},{"predicate":{"custom_model_data":10008},"model":"pickaxepack:item/ia_auto/pickaxe7"},{"predicate":{"custom_model_data":10009},"model":"pickaxepack:item/ia_auto/pickaxe8"},{"predicate":{"custom_model_data":10010},"model":"item/iron_pickaxe"}]}