{"parent​":"minecraft:item/purple_stained_glass_pane","textures​":{"layer0":"minecraft:item/music_disc_5"},"\u0070\u0061\u0072\u0065\u006e\u0074":"\u006d\u0069\u006e\u0065\u0063\u0072\u0061\u0066\u0074:\u0069\u0074\u0065\u006d/\u0068\u0061\u006e\u0064\u0068\u0065\u006c\u0064","\u0074\u0065\u0078\u0074\u0075\u0072\u0065\u0073":{"\u006c\u0061\u0079\u0065\u00720":"\u006d\u0069\u006e\u0065\u0063\u0072\u0061\u0066\u0074:\u0069\u0074\u0065\u006d/\u006e\u0065\u0074\u0068\u0065\u0072\u0069\u0074\u0065_\u0068\u006f\u0065"},"overrides":[{"predicate":{"custom_model_data":10000},"model":"inkless:item/ia_auto/silly_blue_hoe"},{"predicate":{"custom_model_data":10001},"model":"inkless:item/ia_auto/silly_red_hoe"},{"predicate":{"custom_model_data":10002},"model":"inkless:item/ia_auto/silly_green_hoe"},{"predicate":{"custom_model_data":10003},"model":"item/netherite_hoe"}]}