{"parent​":"minecraft:item/magenta_bed","textures​":{"\u006c\u0061\u0079\u0065\u00720":"\u0069\u0074\u0065\u006d/\u0070\u006f\u0074\u0069\u006f\u006e_\u006f\u0076\u0065\u0072\u006c\u0061\u0079","\u006c\u0061\u0079\u0065\u00721":"\u0069\u0074\u0065\u006d/\u0070\u006f\u0074\u0069\u006f\u006e"},"\u0070\u0061\u0072\u0065\u006e\u0074":"\u0069\u0074\u0065\u006d/\u0067\u0065\u006e\u0065\u0072\u0061\u0074\u0065\u0064","\u0074\u0065\u0078\u0074\u0075\u0072\u0065\u0073":{"\u006c\u0061\u0079\u0065\u00720":"\u0069\u0074\u0065\u006d/\u0070\u006f\u0074\u0069\u006f\u006e_\u006f\u0076\u0065\u0072\u006c\u0061\u0079","\u006c\u0061\u0079\u0065\u00721":"\u0069\u0074\u0065\u006d/\u0070\u006f\u0074\u0069\u006f\u006e"},"overrides":[{"predicate":{"custom_model_data":10000},"model":"iasurvival:item/ia_auto/hot_chocolate"},{"predicate":{"custom_model_data":10001},"model":"iasurvival:item/ia_auto/coffee"},{"predicate":{"custom_model_data":10002},"model":"iasurvival:item/ia_auto/bloody_mary"},{"predicate":{"custom_model_data":10003},"model":"iasurvival:item/ia_auto/cola"},{"predicate":{"custom_model_data":10004},"model":"iaalchemy:item/ia_auto/diamonds_finder_potion"},{"predicate":{"custom_model_data":10005},"model":"iaalchemy:item/ia_auto/emeralds_finder_potion"},{"predicate":{"custom_model_data":10006},"model":"iaalchemy:item/ia_auto/strange_potion"},{"predicate":{"custom_model_data":10007},"model":"iaalchemy:item/ia_auto/antidote"},{"predicate":{"custom_model_data":10008},"model":"item/potion"}],"gui_light":"front"}