{"model":{"type":"range_dispatch","property":"custom_model_data","index":0,"fallback":{"type":"minecraft:model","model":"minecraft:item/potion","tints":[{"type":"minecraft:potion","default":-13083194}]},"entries":[{"threshold":10000,"model":{"type":"model","model":"iasurvival:item/ia_auto/hot_chocolate","tints":[{"type":"minecraft:potion","default":-13083194}]}},{"threshold":10001,"model":{"type":"model","model":"iasurvival:item/ia_auto/coffee","tints":[{"type":"minecraft:potion","default":-13083194}]}},{"threshold":10002,"model":{"type":"model","model":"iasurvival:item/ia_auto/bloody_mary","tints":[{"type":"minecraft:potion","default":-13083194}]}},{"threshold":10003,"model":{"type":"model","model":"iasurvival:item/ia_auto/cola","tints":[{"type":"minecraft:potion","default":-13083194}]}},{"threshold":10004,"model":{"type":"model","model":"iaalchemy:item/ia_auto/diamonds_finder_potion","tints":[{"type":"minecraft:potion","default":-13083194}]}},{"threshold":10005,"model":{"type":"model","model":"iaalchemy:item/ia_auto/emeralds_finder_potion","tints":[{"type":"minecraft:potion","default":-13083194}]}},{"threshold":10006,"model":{"type":"model","model":"iaalchemy:item/ia_auto/strange_potion","tints":[{"type":"minecraft:potion","default":-13083194}]}},{"threshold":10007,"model":{"type":"model","model":"iaalchemy:item/ia_auto/antidote","tints":[{"type":"minecraft:potion","default":-13083194}]}},{"threshold":10008,"model":{"type":"model","model":"item/potion","tints":[{"type":"minecraft:potion","default":-13083194}]}}]},"oversized_in_gui":true}