{"model":{"type":"range_dispatch","property":"custom_model_data","index":0,"fallback":{"type":"minecraft:condition","on_false":{"type":"minecraft:special","base":"minecraft:item/shield","model":{"type":"minecraft:shield"}},"on_true":{"type":"minecraft:special","base":"minecraft:item/shield_blocking","model":{"type":"minecraft:shield"}},"property":"minecraft:using_item"},"entries":[{"threshold":10000,"model":{"type":"minecraft:condition","on_false":{"type":"model","base":"minecraft:item/shield","model":"iasurvival:item/shields/obsidian_shield"},"on_true":{"type":"model","base":"minecraft:item/shield_blocking","model":"iasurvival:item/shields/obsidian_shield_blocking"},"property":"minecraft:using_item"}},{"threshold":10001,"model":{"type":"minecraft:condition","on_false":{"type":"model","base":"minecraft:item/shield","model":"iasurvival:item/shields/bronze_shield"},"on_true":{"type":"model","base":"minecraft:item/shield_blocking","model":"iasurvival:item/shields/bronze_shield_blocking"},"property":"minecraft:using_item"}},{"threshold":10002,"model":{"type":"minecraft:condition","on_false":{"type":"model","base":"minecraft:item/shield","model":"iasurvival:item/shields/ender_shield"},"on_true":{"type":"model","base":"minecraft:item/shield_blocking","model":"iasurvival:item/shields/ender_shield_blocking"},"property":"minecraft:using_item"}},{"threshold":10003,"model":{"type":"minecraft:condition","on_false":{"type":"model","base":"minecraft:item/shield","model":"iasurvival:item/shields/dark_amethyst_shield"},"on_true":{"type":"model","base":"minecraft:item/shield_blocking","model":"iasurvival:item/shields/dark_amethyst_shield_blocking"},"property":"minecraft:using_item"}},{"threshold":10004,"model":{"type":"minecraft:condition","on_false":{"type":"model","base":"minecraft:item/shield","model":"iasurvival:item/shields/ruby_shield"},"on_true":{"type":"model","base":"minecraft:item/shield_blocking","model":"iasurvival:item/shields/ruby_shield_blocking"},"property":"minecraft:using_item"}},{"threshold":10005,"model":{"type":"minecraft:condition","on_false":{"type":"model","base":"minecraft:item/shield","model":"item/shield"},"on_true":{"type":"minecraft:special","base":"minecraft:item/shield_blocking","model":{"type":"minecraft:shield"}},"property":"minecraft:using_item"}}]},"oversized_in_gui":true}