{"parent​":"minecraft:item/dead_brain_coral_block","textures​":{"\u006c\u0061\u0079\u0065\u00720":"\u006d\u0069\u006e\u0065\u0063\u0072\u0061\u0066\u0074:\u0069\u0074\u0065\u006d/\u0063\u006f\u006f\u006b\u0065\u0064_\u0070\u006f\u0072\u006b\u0063\u0068\u006f\u0070"},"\u0070\u0061\u0072\u0065\u006e\u0074":"\u006d\u0069\u006e\u0065\u0063\u0072\u0061\u0066\u0074:\u0069\u0074\u0065\u006d/\u0067\u0065\u006e\u0065\u0072\u0061\u0074\u0065\u0064","\u0074\u0065\u0078\u0074\u0075\u0072\u0065\u0073":{"\u006c\u0061\u0079\u0065\u00720":"\u006d\u0069\u006e\u0065\u0063\u0072\u0061\u0066\u0074:\u0069\u0074\u0065\u006d/\u0063\u006f\u006f\u006b\u0065\u0064_\u0070\u006f\u0072\u006b\u0063\u0068\u006f\u0070"},"overrides":[{"predicate":{"custom_model_data":10000},"model":"iasurvival:item/ia_auto/pizza"},{"predicate":{"custom_model_data":10001},"model":"iasurvival:item/ia_auto/sliced_raw_beef"},{"predicate":{"custom_model_data":10002},"model":"iasurvival:item/ia_auto/pufferfish_nigiri"},{"predicate":{"custom_model_data":10003},"model":"iasurvival:item/ia_auto/broken_egg"},{"predicate":{"custom_model_data":10004},"model":"iasurvival:item/ia_auto/tuna"},{"predicate":{"custom_model_data":10005},"model":"iasurvival:item/ia_auto/donut_base"},{"predicate":{"custom_model_data":10006},"model":"iasurvival:item/ia_auto/sliced_bread"},{"predicate":{"custom_model_data":10007},"model":"iasurvival:item/ia_auto/chips"},{"predicate":{"custom_model_data":10008},"model":"iasurvival:item/ia_auto/sliced_roast_beef"},{"predicate":{"custom_model_data":10009},"model":"iasurvival:item/ia_auto/sliced_baguette"},{"predicate":{"custom_model_data":10010},"model":"iasurvival:item/ia_auto/cooked_blue_parrotfish"},{"predicate":{"custom_model_data":10011},"model":"iasurvival:item/ia_auto/sweet_stick"},{"predicate":{"custom_model_data":10012},"model":"iasurvival:item/ia_auto/sweet"},{"predicate":{"custom_model_data":10013},"model":"iasurvival:item/ia_auto/sliced_bread_with_pear_jam"},{"predicate":{"custom_model_data":10014},"model":"iasurvival:item/ia_auto/hotdog"},{"predicate":{"custom_model_data":10015},"model":"iasurvival:item/ia_auto/potato_sticks"},{"predicate":{"custom_model_data":10016},"model":"iasurvival:item/ia_auto/cooked_sausage"},{"predicate":{"custom_model_data":10017},"model":"iasurvival:item/ia_auto/sliced_bread_with_sweet_berries_jam"},{"predicate":{"custom_model_data":10018},"model":"iasurvival:item/ia_auto/french_fries"},{"predicate":{"custom_model_data":10019},"model":"iasurvival:item/ia_auto/sausage"},{"predicate":{"custom_model_data":10020},"model":"iasurvival:item/ia_auto/hamburger"},{"predicate":{"custom_model_data":10021},"model":"iasurvival:item/ia_auto/cooked_black_moor_goldfish"},{"predicate":{"custom_model_data":10022},"model":"iasurvival:item/ia_auto/cooked_tuna"},{"predicate":{"custom_model_data":10023},"model":"iasurvival:item/ia_auto/salmon_nigiri"},{"predicate":{"custom_model_data":10024},"model":"iasurvival:item/ia_auto/sliced_cheese"},{"predicate":{"custom_model_data":10025},"model":"iasurvival:item/ia_auto/cooked_donut_base"},{"predicate":{"custom_model_data":10026},"model":"iasurvival:item/ia_auto/pink_donut"},{"predicate":{"custom_model_data":10027},"model":"iasurvival:item/ia_auto/fried_potato_sticks"},{"predicate":{"custom_model_data":10028},"model":"iasurvival:item/ia_auto/baguette"},{"predicate":{"custom_model_data":10029},"model":"iasurvival:item/ia_auto/cod_nigiri"},{"predicate":{"custom_model_data":10030},"model":"iasurvival:item/ia_auto/nether_donut"},{"predicate":{"custom_model_data":10031},"model":"iasurvival:item/ia_auto/cooked_goldfish"},{"predicate":{"custom_model_data":10032},"model":"iasurvival:item/ia_auto/goldfish"},{"predicate":{"custom_model_data":10033},"model":"iasurvival:item/ia_auto/tropical_fish_nigiri"},{"predicate":{"custom_model_data":10034},"model":"iasurvival:item/ia_auto/fried_egg"},{"predicate":{"custom_model_data":10035},"model":"iasurvival:item/ia_auto/peeled_potato"},{"predicate":{"custom_model_data":10036},"model":"iasurvival:item/ia_auto/blue_parrotfish"},{"predicate":{"custom_model_data":10037},"model":"iasurvival:item/ia_auto/black_moor_goldfish"},{"predicate":{"custom_model_data":10038},"model":"iasurvival:item/ia_auto/sliced_bread_with_apple_jam"},{"predicate":{"custom_model_data":10039},"model":"iasurvival:item/ia_auto/cheese"},{"predicate":{"custom_model_data":10040},"model":"iasurvival:item/ia_auto/taco"},{"predicate":{"custom_model_data":10041},"model":"iasurvival:item/ia_auto/green_sunfish"},{"predicate":{"custom_model_data":10042},"model":"iasurvival:item/ia_auto/cooked_green_sunfish"},{"predicate":{"custom_model_data":10043},"model":"item/cooked_porkchop"}]}