{"model":{"type":"range_dispatch","property":"custom_model_data","index":0,"fallback":{"type":"minecraft:model","model":"minecraft:item/diamond_shovel"},"entries":[{"threshold":10000,"model":{"type":"model","model":"iasurvival:item/ia_auto/ruby_shovel"}},{"threshold":10001,"model":{"type":"model","model":"iasurvival:item/ia_auto/dark_amethyst_shovel"}},{"threshold":10002,"model":{"type":"model","model":"iasurvival:item/ia_auto/bronze_shovel"}},{"threshold":10003,"model":{"type":"model","model":"item/diamond_shovel"}}]},"oversized_in_gui":true}