{"parent​":"minecraft:item/cake","textures​":{"layer0":"minecraft:item/cave_vines"},"\u0070\u0061\u0072\u0065\u006e\u0074":"\u006d\u0069\u006e\u0065\u0063\u0072\u0061\u0066\u0074:\u0069\u0074\u0065\u006d/\u0067\u0065\u006e\u0065\u0072\u0061\u0074\u0065\u0064","\u0074\u0065\u0078\u0074\u0075\u0072\u0065\u0073":{"\u006c\u0061\u0079\u0065\u00720":"\u006d\u0069\u006e\u0065\u0063\u0072\u0061\u0066\u0074:\u0069\u0074\u0065\u006d/\u0073\u0068\u0065\u0061\u0072\u0073"},"overrides":[{"predicate":{"custom_model_data":10000},"model":"iasurvival:item/ia_auto/black_shears"},{"predicate":{"custom_model_data":10001},"model":"iasurvival:item/ia_auto/red_shears"},{"predicate":{"custom_model_data":10002},"model":"iasurvival:item/ia_auto/green_shears"},{"predicate":{"custom_model_data":10003},"model":"iasurvival:item/ia_auto/blue_shears"},{"predicate":{"custom_model_data":10004},"model":"iasurvival:item/ia_auto/purple_shears"},{"predicate":{"custom_model_data":10005},"model":"iasurvival:item/ia_auto/cyan_shears"},{"predicate":{"custom_model_data":10006},"model":"inkless:item/ia_auto/silly_blue_shears"},{"predicate":{"custom_model_data":10007},"model":"inkless:item/ia_auto/silly_red_shears"},{"predicate":{"custom_model_data":10008},"model":"inkless:item/ia_auto/silly_green_shears"},{"predicate":{"custom_model_data":10009},"model":"item/shears"}]}