{"parent​":"minecraft:item/polished_diorite","textures​":{"layer0":"minecraft:item/light_gray_candle"},"\u0070\u0061\u0072\u0065\u006e\u0074":"\u006d\u0069\u006e\u0065\u0063\u0072\u0061\u0066\u0074:\u0069\u0074\u0065\u006d/\u0067\u0065\u006e\u0065\u0072\u0061\u0074\u0065\u0064","\u0074\u0065\u0078\u0074\u0075\u0072\u0065\u0073":{"\u006c\u0061\u0079\u0065\u00720":"\u006d\u0069\u006e\u0065\u0063\u0072\u0061\u0066\u0074:\u0069\u0074\u0065\u006d/\u0077\u0072\u0069\u0074\u0074\u0065\u006e_\u0062\u006f\u006f\u006b"},"overrides":[{"predicate":{"custom_model_data":10000},"model":"iaalchemy:item/ia_auto/mysterious_book"},{"predicate":{"custom_model_data":10001},"model":"iaalchemy:item/ia_auto/mysterious_book_decrypted"},{"predicate":{"custom_model_data":10002},"model":"iasurvival:item/ia_auto/letter_written_letter"},{"predicate":{"custom_model_data":10003},"model":"item/written_book"}]}