{"textures​":{"layer0":"minecraft:item/red_bed"},"\u0074\u0065\u0078\u0074\u0075\u0072\u0065\u0073":{"3":"\u0069\u0061\u0077\u0065\u0061\u0072\u0061\u0062\u006c\u0065\u0073:\u0068\u0061\u0074/\u0063\u0061\u0074_\u0065\u0061\u0072\u0073","\u0070\u0061\u0072\u0074\u0069\u0063\u006c\u0065":"\u0069\u0061\u0077\u0065\u0061\u0072\u0061\u0062\u006c\u0065\u0073:\u0068\u0061\u0074/\u0063\u0061\u0074_\u0065\u0061\u0072\u0073"},"elements":[{"name":"cat_ears_0","from":[13.99196,11.17156,2.96505],"to":[15.99196,18.17156,3.96505],"faces":{"north":{"uv":[2,0,4,7],"texture":"#3"},"east":{"uv":[2,0,3,7],"texture":"#3"},"south":{"uv":[2,1,4,0],"rotation":180,"texture":"#3"},"west":{"uv":[3,0,4,1],"texture":"#3"},"up":{"uv":[4,0,2,1],"texture":"#3"},"down":{"uv":[2,6,3,7],"rotation":180,"texture":"#3"}}},{"name":"cat_ears_1","from":[15.99196,12.17156,2.96505],"to":[16.99196,17.17156,3.96505],"faces":{"north":{"uv":[1,1,2,6],"texture":"#3"},"east":{"uv":[1,1,2,6],"texture":"#3"},"south":{"uv":[1,6,2,1],"rotation":180,"texture":"#3"},"west":{"uv":[1,1,2,7],"texture":"#3"},"up":{"uv":[2,1,1,2],"texture":"#3"},"down":{"uv":[2,6,3,7],"rotation":180,"texture":"#3"}}},{"name":"cat_ears_2","from":[12.99196,12.17156,2.96505],"to":[13.99196,17.17156,3.96505],"faces":{"north":{"uv":[4,1,5,6],"texture":"#3"},"east":{"uv":[4,1,5,7],"texture":"#3"},"south":{"uv":[4,2,5,1],"rotation":180,"texture":"#3"},"west":{"uv":[4,1,5,2],"texture":"#3"},"up":{"uv":[5,1,4,2],"texture":"#3"},"down":{"uv":[4,1,5,2],"rotation":180,"texture":"#3"}}},{"name":"cat_ears_4","from":[11.99196,12.17156,2.96505],"to":[12.99196,16.17156,3.96505],"faces":{"north":{"uv":[5,2,6,6],"texture":"#3"},"east":{"uv":[5,2,6,6],"texture":"#3"},"south":{"uv":[5,3,6,2],"rotation":180,"texture":"#3"},"west":{"uv":[5,2,6,3],"texture":"#3"},"up":{"uv":[6,2,5,3],"texture":"#3"},"down":{"uv":[5,2,6,3],"rotation":180,"texture":"#3"}}},{"name":"cat_ears_5","from":[10.99196,14.17156,2.96505],"to":[11.99196,15.17156,3.96505],"faces":{"north":{"uv":[6,3,7,4],"texture":"#3"},"east":{"uv":[6,3,7,4],"texture":"#3"},"south":{"uv":[6,3,7,4],"texture":"#3"},"west":{"uv":[6,3,7,4],"texture":"#3"},"up":{"uv":[6,3,7,4],"texture":"#3"},"down":{"uv":[6,3,7,4],"texture":"#3"}}},{"name":"cat_ears_0","from":[0.00525,11.16956,2.96804],"to":[2.00525,18.16956,3.96804],"faces":{"north":{"uv":[2,7,4,0],"rotation":180,"texture":"#3"},"east":{"uv":[3,0,4,1],"texture":"#3"},"south":{"uv":[2,0,4,1],"texture":"#3"},"west":{"uv":[2,0,3,7],"texture":"#3"},"up":{"uv":[4,0,2,1],"rotation":180,"texture":"#3"},"down":{"uv":[2,6,3,7],"texture":"#3"}}},{"name":"cat_ears_1","from":[-0.99375,12.17156,2.96505],"to":[0.00625,17.17156,3.96505],"faces":{"north":{"uv":[1,6,2,1],"rotation":180,"texture":"#3"},"east":{"uv":[1,1,2,7],"texture":"#3"},"south":{"uv":[1,1,2,6],"texture":"#3"},"west":{"uv":[1,1,2,6],"texture":"#3"},"up":{"uv":[2,1,1,2],"rotation":180,"texture":"#3"},"down":{"uv":[2,6,3,7],"texture":"#3"}}},{"name":"cat_ears_2","from":[2.00625,12.17156,2.96505],"to":[3.00625,17.17156,3.96505],"faces":{"north":{"uv":[4,6,5,1],"rotation":180,"texture":"#3"},"east":{"uv":[4,1,5,2],"texture":"#3"},"south":{"uv":[4,1,5,2],"texture":"#3"},"west":{"uv":[4,1,5,7],"texture":"#3"},"up":{"uv":[5,1,4,2],"rotation":180,"texture":"#3"},"down":{"uv":[4,1,5,2],"texture":"#3"}}},{"name":"cat_ears_4","from":[3.00625,12.17156,2.96505],"to":[4.00625,16.17156,3.96505],"faces":{"north":{"uv":[5,6,6,2],"rotation":180,"texture":"#3"},"east":{"uv":[5,2,6,3],"texture":"#3"},"south":{"uv":[5,2,6,3],"texture":"#3"},"west":{"uv":[5,2,6,6],"texture":"#3"},"up":{"uv":[6,2,5,3],"rotation":180,"texture":"#3"},"down":{"uv":[5,2,6,3],"texture":"#3"}}},{"name":"cat_ears_5","from":[4.00625,14.17156,2.96505],"to":[5.00625,15.17156,3.96505],"faces":{"north":{"uv":[6,3,7,4],"texture":"#3"},"east":{"uv":[6,3,7,4],"texture":"#3"},"south":{"uv":[6,3,7,4],"texture":"#3"},"west":{"uv":[6,3,7,4],"texture":"#3"},"up":{"uv":[6,3,7,4],"rotation":180,"texture":"#3"},"down":{"uv":[6,3,7,4],"rotation":180,"texture":"#3"}}},{"name":"cat_ears_5","from":[4.00625,13.17156,2.96505],"to":[12.00625,14.17156,3.96505],"faces":{"north":{"uv":[6,3,7,4],"texture":"#3"},"east":{"uv":[6,3,7,4],"texture":"#3"},"south":{"uv":[6,3,7,4],"texture":"#3"},"west":{"uv":[6,3,7,4],"texture":"#3"},"up":{"uv":[6,3,7,4],"rotation":180,"texture":"#3"},"down":{"uv":[6,3,7,4],"rotation":180,"texture":"#3"}}}],"display":{"thirdperson_righthand":{"rotation":[45,45,0],"translation":[2.25,-1,-1.5],"scale":[0.3,0.3,0.3]},"firstperson_righthand":{"rotation":[0,119,0],"translation":[2.5,0,0],"scale":[0.3,0.3,0.3]},"firstperson_lefthand":{"rotation":[0,119,0],"translation":[2.5,1,0.25],"scale":[0.3,0.3,0.3]},"ground":{"translation":[0,3,0],"scale":[0.3,0.3,0.3]},"gui":{"rotation":[0,-180,0],"translation":[0,-4.75,0],"scale":[0.8,0.8,0.8]},"fixed":{"scale":[0.5,0.5,0.5]}},"gui_light":"front"}