{"model":{"type":"range_dispatch","property":"custom_model_data","index":0,"fallback":{"type":"model","cases":[{"model":{"type":"minecraft:model","model":"minecraft:item/leather_leggings_quartz_trim","tints":[{"type":"minecraft:dye","default":-6265536}]},"when":"minecraft:quartz"},{"model":{"type":"minecraft:model","model":"minecraft:item/leather_leggings_iron_trim","tints":[{"type":"minecraft:dye","default":-6265536}]},"when":"minecraft:iron"},{"model":{"type":"minecraft:model","model":"minecraft:item/leather_leggings_netherite_trim","tints":[{"type":"minecraft:dye","default":-6265536}]},"when":"minecraft:netherite"},{"model":{"type":"minecraft:model","model":"minecraft:item/leather_leggings_redstone_trim","tints":[{"type":"minecraft:dye","default":-6265536}]},"when":"minecraft:redstone"},{"model":{"type":"minecraft:model","model":"minecraft:item/leather_leggings_copper_trim","tints":[{"type":"minecraft:dye","default":-6265536}]},"when":"minecraft:copper"},{"model":{"type":"minecraft:model","model":"minecraft:item/leather_leggings_gold_trim","tints":[{"type":"minecraft:dye","default":-6265536}]},"when":"minecraft:gold"},{"model":{"type":"minecraft:model","model":"minecraft:item/leather_leggings_emerald_trim","tints":[{"type":"minecraft:dye","default":-6265536}]},"when":"minecraft:emerald"},{"model":{"type":"minecraft:model","model":"minecraft:item/leather_leggings_diamond_trim","tints":[{"type":"minecraft:dye","default":-6265536}]},"when":"minecraft:diamond"},{"model":{"type":"minecraft:model","model":"minecraft:item/leather_leggings_lapis_trim","tints":[{"type":"minecraft:dye","default":-6265536}]},"when":"minecraft:lapis"},{"model":{"type":"minecraft:model","model":"minecraft:item/leather_leggings_amethyst_trim","tints":[{"type":"minecraft:dye","default":-6265536}]},"when":"minecraft:amethyst"},{"model":{"type":"minecraft:model","model":"minecraft:item/leather_leggings_resin_trim","tints":[{"type":"minecraft:dye","default":-6265536}]},"when":"minecraft:resin"}],"fallback":{"type":"minecraft:model","model":"minecraft:item/leather_leggings","tints":[{"type":"minecraft:dye","default":-6265536}]},"property":"minecraft:trim_material","model":"item/leather_leggings","tints":[{"type":"dye","default":-6265536}]},"entries":[{"threshold":10000,"model":{"type":"model","cases":[{"model":{"type":"minecraft:model","model":"minecraft:item/leather_leggings_quartz_trim","tints":[{"type":"minecraft:dye","default":-6265536}]},"when":"minecraft:quartz"},{"model":{"type":"minecraft:model","model":"minecraft:item/leather_leggings_iron_trim","tints":[{"type":"minecraft:dye","default":-6265536}]},"when":"minecraft:iron"},{"model":{"type":"minecraft:model","model":"minecraft:item/leather_leggings_netherite_trim","tints":[{"type":"minecraft:dye","default":-6265536}]},"when":"minecraft:netherite"},{"model":{"type":"minecraft:model","model":"minecraft:item/leather_leggings_redstone_trim","tints":[{"type":"minecraft:dye","default":-6265536}]},"when":"minecraft:redstone"},{"model":{"type":"minecraft:model","model":"minecraft:item/leather_leggings_copper_trim","tints":[{"type":"minecraft:dye","default":-6265536}]},"when":"minecraft:copper"},{"model":{"type":"minecraft:model","model":"minecraft:item/leather_leggings_gold_trim","tints":[{"type":"minecraft:dye","default":-6265536}]},"when":"minecraft:gold"},{"model":{"type":"minecraft:model","model":"minecraft:item/leather_leggings_emerald_trim","tints":[{"type":"minecraft:dye","default":-6265536}]},"when":"minecraft:emerald"},{"model":{"type":"minecraft:model","model":"minecraft:item/leather_leggings_diamond_trim","tints":[{"type":"minecraft:dye","default":-6265536}]},"when":"minecraft:diamond"},{"model":{"type":"minecraft:model","model":"minecraft:item/leather_leggings_lapis_trim","tints":[{"type":"minecraft:dye","default":-6265536}]},"when":"minecraft:lapis"},{"model":{"type":"minecraft:model","model":"minecraft:item/leather_leggings_amethyst_trim","tints":[{"type":"minecraft:dye","default":-6265536}]},"when":"minecraft:amethyst"},{"model":{"type":"minecraft:model","model":"minecraft:item/leather_leggings_resin_trim","tints":[{"type":"minecraft:dye","default":-6265536}]},"when":"minecraft:resin"}],"fallback":{"type":"minecraft:model","model":"minecraft:item/leather_leggings","tints":[{"type":"minecraft:dye","default":-6265536}]},"property":"minecraft:trim_material","model":"iaalchemy:item/ia_auto/mysterious_leggings","tints":[{"type":"dye","default":5705233}]}},{"threshold":10001,"model":{"type":"model","cases":[{"model":{"type":"minecraft:model","model":"minecraft:item/leather_leggings_quartz_trim","tints":[{"type":"minecraft:dye","default":-6265536}]},"when":"minecraft:quartz"},{"model":{"type":"minecraft:model","model":"minecraft:item/leather_leggings_iron_trim","tints":[{"type":"minecraft:dye","default":-6265536}]},"when":"minecraft:iron"},{"model":{"type":"minecraft:model","model":"minecraft:item/leather_leggings_netherite_trim","tints":[{"type":"minecraft:dye","default":-6265536}]},"when":"minecraft:netherite"},{"model":{"type":"minecraft:model","model":"minecraft:item/leather_leggings_redstone_trim","tints":[{"type":"minecraft:dye","default":-6265536}]},"when":"minecraft:redstone"},{"model":{"type":"minecraft:model","model":"minecraft:item/leather_leggings_copper_trim","tints":[{"type":"minecraft:dye","default":-6265536}]},"when":"minecraft:copper"},{"model":{"type":"minecraft:model","model":"minecraft:item/leather_leggings_gold_trim","tints":[{"type":"minecraft:dye","default":-6265536}]},"when":"minecraft:gold"},{"model":{"type":"minecraft:model","model":"minecraft:item/leather_leggings_emerald_trim","tints":[{"type":"minecraft:dye","default":-6265536}]},"when":"minecraft:emerald"},{"model":{"type":"minecraft:model","model":"minecraft:item/leather_leggings_diamond_trim","tints":[{"type":"minecraft:dye","default":-6265536}]},"when":"minecraft:diamond"},{"model":{"type":"minecraft:model","model":"minecraft:item/leather_leggings_lapis_trim","tints":[{"type":"minecraft:dye","default":-6265536}]},"when":"minecraft:lapis"},{"model":{"type":"minecraft:model","model":"minecraft:item/leather_leggings_amethyst_trim","tints":[{"type":"minecraft:dye","default":-6265536}]},"when":"minecraft:amethyst"},{"model":{"type":"minecraft:model","model":"minecraft:item/leather_leggings_resin_trim","tints":[{"type":"minecraft:dye","default":-6265536}]},"when":"minecraft:resin"}],"fallback":{"type":"minecraft:model","model":"minecraft:item/leather_leggings","tints":[{"type":"minecraft:dye","default":-6265536}]},"property":"minecraft:trim_material","model":"iasurvival:item/ia_auto/obsidian_leggings","tints":[{"type":"dye","default":5128060}]}},{"threshold":10002,"model":{"type":"model","cases":[{"model":{"type":"minecraft:model","model":"minecraft:item/leather_leggings_quartz_trim","tints":[{"type":"minecraft:dye","default":-6265536}]},"when":"minecraft:quartz"},{"model":{"type":"minecraft:model","model":"minecraft:item/leather_leggings_iron_trim","tints":[{"type":"minecraft:dye","default":-6265536}]},"when":"minecraft:iron"},{"model":{"type":"minecraft:model","model":"minecraft:item/leather_leggings_netherite_trim","tints":[{"type":"minecraft:dye","default":-6265536}]},"when":"minecraft:netherite"},{"model":{"type":"minecraft:model","model":"minecraft:item/leather_leggings_redstone_trim","tints":[{"type":"minecraft:dye","default":-6265536}]},"when":"minecraft:redstone"},{"model":{"type":"minecraft:model","model":"minecraft:item/leather_leggings_copper_trim","tints":[{"type":"minecraft:dye","default":-6265536}]},"when":"minecraft:copper"},{"model":{"type":"minecraft:model","model":"minecraft:item/leather_leggings_gold_trim","tints":[{"type":"minecraft:dye","default":-6265536}]},"when":"minecraft:gold"},{"model":{"type":"minecraft:model","model":"minecraft:item/leather_leggings_emerald_trim","tints":[{"type":"minecraft:dye","default":-6265536}]},"when":"minecraft:emerald"},{"model":{"type":"minecraft:model","model":"minecraft:item/leather_leggings_diamond_trim","tints":[{"type":"minecraft:dye","default":-6265536}]},"when":"minecraft:diamond"},{"model":{"type":"minecraft:model","model":"minecraft:item/leather_leggings_lapis_trim","tints":[{"type":"minecraft:dye","default":-6265536}]},"when":"minecraft:lapis"},{"model":{"type":"minecraft:model","model":"minecraft:item/leather_leggings_amethyst_trim","tints":[{"type":"minecraft:dye","default":-6265536}]},"when":"minecraft:amethyst"},{"model":{"type":"minecraft:model","model":"minecraft:item/leather_leggings_resin_trim","tints":[{"type":"minecraft:dye","default":-6265536}]},"when":"minecraft:resin"}],"fallback":{"type":"minecraft:model","model":"minecraft:item/leather_leggings","tints":[{"type":"minecraft:dye","default":-6265536}]},"property":"minecraft:trim_material","model":"iasurvival:item/ia_auto/ruby_leggings","tints":[{"type":"dye","default":16711680}]}},{"threshold":10003,"model":{"type":"model","cases":[{"model":{"type":"minecraft:model","model":"minecraft:item/leather_leggings_quartz_trim","tints":[{"type":"minecraft:dye","default":-6265536}]},"when":"minecraft:quartz"},{"model":{"type":"minecraft:model","model":"minecraft:item/leather_leggings_iron_trim","tints":[{"type":"minecraft:dye","default":-6265536}]},"when":"minecraft:iron"},{"model":{"type":"minecraft:model","model":"minecraft:item/leather_leggings_netherite_trim","tints":[{"type":"minecraft:dye","default":-6265536}]},"when":"minecraft:netherite"},{"model":{"type":"minecraft:model","model":"minecraft:item/leather_leggings_redstone_trim","tints":[{"type":"minecraft:dye","default":-6265536}]},"when":"minecraft:redstone"},{"model":{"type":"minecraft:model","model":"minecraft:item/leather_leggings_copper_trim","tints":[{"type":"minecraft:dye","default":-6265536}]},"when":"minecraft:copper"},{"model":{"type":"minecraft:model","model":"minecraft:item/leather_leggings_gold_trim","tints":[{"type":"minecraft:dye","default":-6265536}]},"when":"minecraft:gold"},{"model":{"type":"minecraft:model","model":"minecraft:item/leather_leggings_emerald_trim","tints":[{"type":"minecraft:dye","default":-6265536}]},"when":"minecraft:emerald"},{"model":{"type":"minecraft:model","model":"minecraft:item/leather_leggings_diamond_trim","tints":[{"type":"minecraft:dye","default":-6265536}]},"when":"minecraft:diamond"},{"model":{"type":"minecraft:model","model":"minecraft:item/leather_leggings_lapis_trim","tints":[{"type":"minecraft:dye","default":-6265536}]},"when":"minecraft:lapis"},{"model":{"type":"minecraft:model","model":"minecraft:item/leather_leggings_amethyst_trim","tints":[{"type":"minecraft:dye","default":-6265536}]},"when":"minecraft:amethyst"},{"model":{"type":"minecraft:model","model":"minecraft:item/leather_leggings_resin_trim","tints":[{"type":"minecraft:dye","default":-6265536}]},"when":"minecraft:resin"}],"fallback":{"type":"minecraft:model","model":"minecraft:item/leather_leggings","tints":[{"type":"minecraft:dye","default":-6265536}]},"property":"minecraft:trim_material","model":"iasurvival:item/ia_auto/dark_amethyst_leggings","tints":[{"type":"dye","default":5441382}]}},{"threshold":10004,"model":{"type":"model","cases":[{"model":{"type":"minecraft:model","model":"minecraft:item/leather_leggings_quartz_trim","tints":[{"type":"minecraft:dye","default":-6265536}]},"when":"minecraft:quartz"},{"model":{"type":"minecraft:model","model":"minecraft:item/leather_leggings_iron_trim","tints":[{"type":"minecraft:dye","default":-6265536}]},"when":"minecraft:iron"},{"model":{"type":"minecraft:model","model":"minecraft:item/leather_leggings_netherite_trim","tints":[{"type":"minecraft:dye","default":-6265536}]},"when":"minecraft:netherite"},{"model":{"type":"minecraft:model","model":"minecraft:item/leather_leggings_redstone_trim","tints":[{"type":"minecraft:dye","default":-6265536}]},"when":"minecraft:redstone"},{"model":{"type":"minecraft:model","model":"minecraft:item/leather_leggings_copper_trim","tints":[{"type":"minecraft:dye","default":-6265536}]},"when":"minecraft:copper"},{"model":{"type":"minecraft:model","model":"minecraft:item/leather_leggings_gold_trim","tints":[{"type":"minecraft:dye","default":-6265536}]},"when":"minecraft:gold"},{"model":{"type":"minecraft:model","model":"minecraft:item/leather_leggings_emerald_trim","tints":[{"type":"minecraft:dye","default":-6265536}]},"when":"minecraft:emerald"},{"model":{"type":"minecraft:model","model":"minecraft:item/leather_leggings_diamond_trim","tints":[{"type":"minecraft:dye","default":-6265536}]},"when":"minecraft:diamond"},{"model":{"type":"minecraft:model","model":"minecraft:item/leather_leggings_lapis_trim","tints":[{"type":"minecraft:dye","default":-6265536}]},"when":"minecraft:lapis"},{"model":{"type":"minecraft:model","model":"minecraft:item/leather_leggings_amethyst_trim","tints":[{"type":"minecraft:dye","default":-6265536}]},"when":"minecraft:amethyst"},{"model":{"type":"minecraft:model","model":"minecraft:item/leather_leggings_resin_trim","tints":[{"type":"minecraft:dye","default":-6265536}]},"when":"minecraft:resin"}],"fallback":{"type":"minecraft:model","model":"minecraft:item/leather_leggings","tints":[{"type":"minecraft:dye","default":-6265536}]},"property":"minecraft:trim_material","model":"iasurvival:item/ia_auto/bronze_leggings","tints":[{"type":"dye","default":13854755}]}},{"threshold":10005,"model":{"type":"model","cases":[{"model":{"type":"minecraft:model","model":"minecraft:item/leather_leggings_quartz_trim","tints":[{"type":"minecraft:dye","default":-6265536}]},"when":"minecraft:quartz"},{"model":{"type":"minecraft:model","model":"minecraft:item/leather_leggings_iron_trim","tints":[{"type":"minecraft:dye","default":-6265536}]},"when":"minecraft:iron"},{"model":{"type":"minecraft:model","model":"minecraft:item/leather_leggings_netherite_trim","tints":[{"type":"minecraft:dye","default":-6265536}]},"when":"minecraft:netherite"},{"model":{"type":"minecraft:model","model":"minecraft:item/leather_leggings_redstone_trim","tints":[{"type":"minecraft:dye","default":-6265536}]},"when":"minecraft:redstone"},{"model":{"type":"minecraft:model","model":"minecraft:item/leather_leggings_copper_trim","tints":[{"type":"minecraft:dye","default":-6265536}]},"when":"minecraft:copper"},{"model":{"type":"minecraft:model","model":"minecraft:item/leather_leggings_gold_trim","tints":[{"type":"minecraft:dye","default":-6265536}]},"when":"minecraft:gold"},{"model":{"type":"minecraft:model","model":"minecraft:item/leather_leggings_emerald_trim","tints":[{"type":"minecraft:dye","default":-6265536}]},"when":"minecraft:emerald"},{"model":{"type":"minecraft:model","model":"minecraft:item/leather_leggings_diamond_trim","tints":[{"type":"minecraft:dye","default":-6265536}]},"when":"minecraft:diamond"},{"model":{"type":"minecraft:model","model":"minecraft:item/leather_leggings_lapis_trim","tints":[{"type":"minecraft:dye","default":-6265536}]},"when":"minecraft:lapis"},{"model":{"type":"minecraft:model","model":"minecraft:item/leather_leggings_amethyst_trim","tints":[{"type":"minecraft:dye","default":-6265536}]},"when":"minecraft:amethyst"},{"model":{"type":"minecraft:model","model":"minecraft:item/leather_leggings_resin_trim","tints":[{"type":"minecraft:dye","default":-6265536}]},"when":"minecraft:resin"}],"fallback":{"type":"minecraft:model","model":"minecraft:item/leather_leggings","tints":[{"type":"minecraft:dye","default":-6265536}]},"property":"minecraft:trim_material","model":"ax_emerald_set:item/ia_auto/emerald_leggings","tints":[{"type":"dye","default":-6265536}]}},{"threshold":10006,"model":{"type":"model","cases":[{"model":{"type":"minecraft:model","model":"minecraft:item/leather_leggings_quartz_trim","tints":[{"type":"minecraft:dye","default":-6265536}]},"when":"minecraft:quartz"},{"model":{"type":"minecraft:model","model":"minecraft:item/leather_leggings_iron_trim","tints":[{"type":"minecraft:dye","default":-6265536}]},"when":"minecraft:iron"},{"model":{"type":"minecraft:model","model":"minecraft:item/leather_leggings_netherite_trim","tints":[{"type":"minecraft:dye","default":-6265536}]},"when":"minecraft:netherite"},{"model":{"type":"minecraft:model","model":"minecraft:item/leather_leggings_redstone_trim","tints":[{"type":"minecraft:dye","default":-6265536}]},"when":"minecraft:redstone"},{"model":{"type":"minecraft:model","model":"minecraft:item/leather_leggings_copper_trim","tints":[{"type":"minecraft:dye","default":-6265536}]},"when":"minecraft:copper"},{"model":{"type":"minecraft:model","model":"minecraft:item/leather_leggings_gold_trim","tints":[{"type":"minecraft:dye","default":-6265536}]},"when":"minecraft:gold"},{"model":{"type":"minecraft:model","model":"minecraft:item/leather_leggings_emerald_trim","tints":[{"type":"minecraft:dye","default":-6265536}]},"when":"minecraft:emerald"},{"model":{"type":"minecraft:model","model":"minecraft:item/leather_leggings_diamond_trim","tints":[{"type":"minecraft:dye","default":-6265536}]},"when":"minecraft:diamond"},{"model":{"type":"minecraft:model","model":"minecraft:item/leather_leggings_lapis_trim","tints":[{"type":"minecraft:dye","default":-6265536}]},"when":"minecraft:lapis"},{"model":{"type":"minecraft:model","model":"minecraft:item/leather_leggings_amethyst_trim","tints":[{"type":"minecraft:dye","default":-6265536}]},"when":"minecraft:amethyst"},{"model":{"type":"minecraft:model","model":"minecraft:item/leather_leggings_resin_trim","tints":[{"type":"minecraft:dye","default":-6265536}]},"when":"minecraft:resin"}],"fallback":{"type":"minecraft:model","model":"minecraft:item/leather_leggings","tints":[{"type":"minecraft:dye","default":-6265536}]},"property":"minecraft:trim_material","model":"inkless:item/ia_auto/silly_blue_leggings","tints":[{"type":"dye","default":-6265536}]}},{"threshold":10007,"model":{"type":"model","cases":[{"model":{"type":"minecraft:model","model":"minecraft:item/leather_leggings_quartz_trim","tints":[{"type":"minecraft:dye","default":-6265536}]},"when":"minecraft:quartz"},{"model":{"type":"minecraft:model","model":"minecraft:item/leather_leggings_iron_trim","tints":[{"type":"minecraft:dye","default":-6265536}]},"when":"minecraft:iron"},{"model":{"type":"minecraft:model","model":"minecraft:item/leather_leggings_netherite_trim","tints":[{"type":"minecraft:dye","default":-6265536}]},"when":"minecraft:netherite"},{"model":{"type":"minecraft:model","model":"minecraft:item/leather_leggings_redstone_trim","tints":[{"type":"minecraft:dye","default":-6265536}]},"when":"minecraft:redstone"},{"model":{"type":"minecraft:model","model":"minecraft:item/leather_leggings_copper_trim","tints":[{"type":"minecraft:dye","default":-6265536}]},"when":"minecraft:copper"},{"model":{"type":"minecraft:model","model":"minecraft:item/leather_leggings_gold_trim","tints":[{"type":"minecraft:dye","default":-6265536}]},"when":"minecraft:gold"},{"model":{"type":"minecraft:model","model":"minecraft:item/leather_leggings_emerald_trim","tints":[{"type":"minecraft:dye","default":-6265536}]},"when":"minecraft:emerald"},{"model":{"type":"minecraft:model","model":"minecraft:item/leather_leggings_diamond_trim","tints":[{"type":"minecraft:dye","default":-6265536}]},"when":"minecraft:diamond"},{"model":{"type":"minecraft:model","model":"minecraft:item/leather_leggings_lapis_trim","tints":[{"type":"minecraft:dye","default":-6265536}]},"when":"minecraft:lapis"},{"model":{"type":"minecraft:model","model":"minecraft:item/leather_leggings_amethyst_trim","tints":[{"type":"minecraft:dye","default":-6265536}]},"when":"minecraft:amethyst"},{"model":{"type":"minecraft:model","model":"minecraft:item/leather_leggings_resin_trim","tints":[{"type":"minecraft:dye","default":-6265536}]},"when":"minecraft:resin"}],"fallback":{"type":"minecraft:model","model":"minecraft:item/leather_leggings","tints":[{"type":"minecraft:dye","default":-6265536}]},"property":"minecraft:trim_material","model":"inkless:item/ia_auto/silly_green_leggings","tints":[{"type":"dye","default":-6265536}]}},{"threshold":10008,"model":{"type":"model","cases":[{"model":{"type":"minecraft:model","model":"minecraft:item/leather_leggings_quartz_trim","tints":[{"type":"minecraft:dye","default":-6265536}]},"when":"minecraft:quartz"},{"model":{"type":"minecraft:model","model":"minecraft:item/leather_leggings_iron_trim","tints":[{"type":"minecraft:dye","default":-6265536}]},"when":"minecraft:iron"},{"model":{"type":"minecraft:model","model":"minecraft:item/leather_leggings_netherite_trim","tints":[{"type":"minecraft:dye","default":-6265536}]},"when":"minecraft:netherite"},{"model":{"type":"minecraft:model","model":"minecraft:item/leather_leggings_redstone_trim","tints":[{"type":"minecraft:dye","default":-6265536}]},"when":"minecraft:redstone"},{"model":{"type":"minecraft:model","model":"minecraft:item/leather_leggings_copper_trim","tints":[{"type":"minecraft:dye","default":-6265536}]},"when":"minecraft:copper"},{"model":{"type":"minecraft:model","model":"minecraft:item/leather_leggings_gold_trim","tints":[{"type":"minecraft:dye","default":-6265536}]},"when":"minecraft:gold"},{"model":{"type":"minecraft:model","model":"minecraft:item/leather_leggings_emerald_trim","tints":[{"type":"minecraft:dye","default":-6265536}]},"when":"minecraft:emerald"},{"model":{"type":"minecraft:model","model":"minecraft:item/leather_leggings_diamond_trim","tints":[{"type":"minecraft:dye","default":-6265536}]},"when":"minecraft:diamond"},{"model":{"type":"minecraft:model","model":"minecraft:item/leather_leggings_lapis_trim","tints":[{"type":"minecraft:dye","default":-6265536}]},"when":"minecraft:lapis"},{"model":{"type":"minecraft:model","model":"minecraft:item/leather_leggings_amethyst_trim","tints":[{"type":"minecraft:dye","default":-6265536}]},"when":"minecraft:amethyst"},{"model":{"type":"minecraft:model","model":"minecraft:item/leather_leggings_resin_trim","tints":[{"type":"minecraft:dye","default":-6265536}]},"when":"minecraft:resin"}],"fallback":{"type":"minecraft:model","model":"minecraft:item/leather_leggings","tints":[{"type":"minecraft:dye","default":-6265536}]},"property":"minecraft:trim_material","model":"inkless:item/ia_auto/silly_red_leggings","tints":[{"type":"dye","default":-6265536}]}},{"threshold":10009,"model":{"type":"model","cases":[{"model":{"type":"minecraft:model","model":"minecraft:item/leather_leggings_quartz_trim","tints":[{"type":"minecraft:dye","default":-6265536}]},"when":"minecraft:quartz"},{"model":{"type":"minecraft:model","model":"minecraft:item/leather_leggings_iron_trim","tints":[{"type":"minecraft:dye","default":-6265536}]},"when":"minecraft:iron"},{"model":{"type":"minecraft:model","model":"minecraft:item/leather_leggings_netherite_trim","tints":[{"type":"minecraft:dye","default":-6265536}]},"when":"minecraft:netherite"},{"model":{"type":"minecraft:model","model":"minecraft:item/leather_leggings_redstone_trim","tints":[{"type":"minecraft:dye","default":-6265536}]},"when":"minecraft:redstone"},{"model":{"type":"minecraft:model","model":"minecraft:item/leather_leggings_copper_trim","tints":[{"type":"minecraft:dye","default":-6265536}]},"when":"minecraft:copper"},{"model":{"type":"minecraft:model","model":"minecraft:item/leather_leggings_gold_trim","tints":[{"type":"minecraft:dye","default":-6265536}]},"when":"minecraft:gold"},{"model":{"type":"minecraft:model","model":"minecraft:item/leather_leggings_emerald_trim","tints":[{"type":"minecraft:dye","default":-6265536}]},"when":"minecraft:emerald"},{"model":{"type":"minecraft:model","model":"minecraft:item/leather_leggings_diamond_trim","tints":[{"type":"minecraft:dye","default":-6265536}]},"when":"minecraft:diamond"},{"model":{"type":"minecraft:model","model":"minecraft:item/leather_leggings_lapis_trim","tints":[{"type":"minecraft:dye","default":-6265536}]},"when":"minecraft:lapis"},{"model":{"type":"minecraft:model","model":"minecraft:item/leather_leggings_amethyst_trim","tints":[{"type":"minecraft:dye","default":-6265536}]},"when":"minecraft:amethyst"},{"model":{"type":"minecraft:model","model":"minecraft:item/leather_leggings_resin_trim","tints":[{"type":"minecraft:dye","default":-6265536}]},"when":"minecraft:resin"}],"fallback":{"type":"minecraft:model","model":"minecraft:item/leather_leggings","tints":[{"type":"minecraft:dye","default":-6265536}]},"property":"minecraft:trim_material","model":"item/leather_leggings","tints":[{"type":"dye","default":-6265536}]}}]},"oversized_in_gui":true}