{"model":{"type":"range_dispatch","property":"custom_model_data","index":0,"fallback":{"type":"minecraft:model","model":"minecraft:item/paper"},"entries":[{"threshold":103,"model":{"type":"model","model":"item/icons/lock"}},{"threshold":104,"model":{"type":"model","model":"item/icons/claimed"}},{"threshold":105,"model":{"type":"model","model":"item/icons/unlock"}},{"threshold":642,"model":{"type":"model","model":"item/icons/bp_notpremium"}},{"threshold":1250,"model":{"type":"model","model":"item/icons/next"}},{"threshold":1251,"model":{"type":"model","model":"item/icons/prev"}},{"threshold":1252,"model":{"type":"model","model":"item/icons/back"}},{"threshold":1253,"model":{"type":"model","model":"item/icons/next1"}},{"threshold":1254,"model":{"type":"model","model":"item/icons/prev1"}},{"threshold":1270,"model":{"type":"model","model":"item/icons/bp_book1"}},{"threshold":1271,"model":{"type":"model","model":"item/icons/bp_book"}},{"threshold":1275,"model":{"type":"model","model":"item/icons/bp_chest"}},{"threshold":1276,"model":{"type":"model","model":"item/icons/bp_chestfull"}},{"threshold":1277,"model":{"type":"model","model":"item/icons/bp_chestempty"}},{"threshold":10000,"model":{"type":"model","model":"_iainternal:item/ia_auto/icon_left_blue"}},{"threshold":10001,"model":{"type":"model","model":"_iainternal:item/ia_auto/icon_right_blue"}},{"threshold":10002,"model":{"type":"model","model":"_iainternal:item/ia_auto/icon_search"}},{"threshold":10003,"model":{"type":"model","model":"_iainternal:item/ia_auto/icon_cancel"}},{"threshold":10004,"model":{"type":"model","model":"_iainternal:item/ia_auto/icon_arrow_chest"}},{"threshold":10005,"model":{"type":"model","model":"_iainternal:item/ia_auto/icon_back_orange"}},{"threshold":10006,"model":{"type":"model","model":"_iainternal:item/ia_auto/icon_next_orange"}},{"threshold":10007,"model":{"type":"model","model":"iasurvival:item/ia_auto/modern_sandstone"}},{"threshold":10008,"model":{"type":"model","model":"iaalchemy:item/ia_auto/nether_alchemy_ore"}},{"threshold":10009,"model":{"type":"model","model":"iafestivities:christmas/christmas_wreath"}},{"threshold":10010,"model":{"type":"model","model":"iafestivities:christmas/christmas_candle"}},{"threshold":10011,"model":{"type":"model","model":"iasurvival:item/ia_auto/dark_amethyst_prism_block"}},{"threshold":10012,"model":{"type":"model","model":"iasurvival:item/ia_auto/cassiterite_ore"}},{"threshold":10013,"model":{"type":"model","model":"iafestivities:christmas/christmas_tree"}},{"threshold":10014,"model":{"type":"model","model":"iasurvival:item/ia_auto/end_ore"}},{"threshold":10015,"model":{"type":"model","model":"iafestivities:halloween/decorative_pumpkin"}},{"threshold":10016,"model":{"type":"model","model":"iasurvival:item/ia_auto/coal_dirt_ore"}},{"threshold":10017,"model":{"type":"model","model":"iasurvival:item/ia_auto/nice_wood"}},{"threshold":10018,"model":{"type":"model","model":"iasurvival:item/ia_auto/iron_dirt_ore"}},{"threshold":10019,"model":{"type":"model","model":"iasurvival:item/ia_auto/dark_amethyst_block"}},{"threshold":10020,"model":{"type":"model","model":"iaalchemy:item/ia_auto/mysterious_ore"}},{"threshold":10021,"model":{"type":"model","model":"iasurvival:item/ia_auto/forgotten_crying_obsidian"}},{"threshold":10022,"model":{"type":"model","model":"iasurvival:item/ia_auto/spinel_ore"}},{"threshold":10023,"model":{"type":"model","model":"iasurvival:item/ia_auto/cassiterite_block"}},{"threshold":10024,"model":{"type":"model","model":"iasurvival:item/ia_auto/aqua_aura_ore"}},{"threshold":10025,"model":{"type":"model","model":"iasurvival:item/ia_auto/ruby_block"}},{"threshold":10026,"model":{"type":"model","model":"iasurvival:item/ia_auto/spinel_block"}},{"threshold":10027,"model":{"type":"model","model":"iasurvival:item/ia_auto/ruby_ore"}},{"threshold":10028,"model":{"type":"model","model":"iasurvival:item/ia_auto/gold_dirt_ore"}},{"threshold":10029,"model":{"type":"model","model":"iaalchemy:item/mysterious_stone"}},{"threshold":10030,"model":{"type":"model","model":"iasurvival:item/ia_auto/turquoise_block"}},{"threshold":10031,"model":{"type":"model","model":"iafestivities:christmas/decorative_candy_cane"}},{"threshold":10032,"model":{"type":"model","model":"iasurvival:item/ia_auto/aqua_aura_block"}},{"threshold":10033,"model":{"type":"model","model":"iaalchemy:item/alchemy_candles"}},{"threshold":10034,"model":{"type":"model","model":"iasurvival:item/ia_auto/crystal_block"}},{"threshold":10035,"model":{"type":"model","model":"iaalchemy:item/energy_extractor"}},{"threshold":10036,"model":{"type":"model","model":"iasurvival:item/ia_auto/customization_table"}},{"threshold":10037,"model":{"type":"model","model":"iaalchemy:item/energy_converter"}},{"threshold":10038,"model":{"type":"model","model":"iasurvival:item/ia_auto/dark_amethyst_ore"}},{"threshold":10039,"model":{"type":"model","model":"mcicons:item/ia_auto/icon_left_gray"}},{"threshold":10040,"model":{"type":"model","model":"mcicons:item/ia_auto/icon_left_blue"}},{"threshold":10041,"model":{"type":"model","model":"mcicons:item/ia_auto/icon_right_gray"}},{"threshold":10042,"model":{"type":"model","model":"mcicons:item/ia_auto/icon_right_blue"}},{"threshold":10043,"model":{"type":"model","model":"mcicons:item/ia_auto/icon_up_gray"}},{"threshold":10044,"model":{"type":"model","model":"mcicons:item/ia_auto/icon_up_blue"}},{"threshold":10045,"model":{"type":"model","model":"mcicons:item/ia_auto/icon_down_gray"}},{"threshold":10046,"model":{"type":"model","model":"mcicons:item/ia_auto/icon_down_blue"}},{"threshold":10047,"model":{"type":"model","model":"mcicons:item/ia_auto/icon_next_white"}},{"threshold":10048,"model":{"type":"model","model":"mcicons:item/ia_auto/icon_next_orange"}},{"threshold":10049,"model":{"type":"model","model":"mcicons:item/ia_auto/icon_back_white"}},{"threshold":10050,"model":{"type":"model","model":"mcicons:item/ia_auto/icon_back_orange"}},{"threshold":10051,"model":{"type":"model","model":"mcicons:item/ia_auto/icon_cancel"}},{"threshold":10052,"model":{"type":"model","model":"mcicons:item/ia_auto/icon_confirm"}},{"threshold":10053,"model":{"type":"model","model":"mcicons:item/ia_auto/icon_lock"}},{"threshold":10054,"model":{"type":"model","model":"mcicons:item/ia_auto/icon_unlock"}},{"threshold":10055,"model":{"type":"model","model":"mcicons:item/ia_auto/icon_web"}},{"threshold":10056,"model":{"type":"model","model":"mcicons:item/ia_auto/icon_ender_chest"}},{"threshold":10057,"model":{"type":"model","model":"mcicons:item/ia_auto/icon_refresh"}},{"threshold":10058,"model":{"type":"model","model":"mcicons:item/ia_auto/icon_time_day"}},{"threshold":10059,"model":{"type":"model","model":"mcicons:item/ia_auto/icon_time_midnight"}},{"threshold":10060,"model":{"type":"model","model":"mcicons:item/ia_auto/icon_time_night"}},{"threshold":10061,"model":{"type":"model","model":"mcicons:item/ia_auto/icon_time_noon"}},{"threshold":10062,"model":{"type":"model","model":"mcicons:item/ia_auto/icon_time_sunrise"}},{"threshold":10063,"model":{"type":"model","model":"mcicons:item/ia_auto/icon_time_sunset"}},{"threshold":10064,"model":{"type":"model","model":"mcicons:item/ia_auto/icon_toggle_off"}},{"threshold":10065,"model":{"type":"model","model":"mcicons:item/ia_auto/icon_toggle_on"}},{"threshold":10066,"model":{"type":"model","model":"mcicons:item/ia_auto/icon_arrow_chest"}},{"threshold":10067,"model":{"type":"model","model":"mcicons:item/ia_auto/icon_plus"}},{"threshold":10068,"model":{"type":"model","model":"mcicons:item/ia_auto/icon_color_picker"}},{"threshold":10069,"model":{"type":"model","model":"mcicons:item/ia_auto/icon_comment"}},{"threshold":10070,"model":{"type":"model","model":"mcicons:item/ia_auto/icon_search"}},{"threshold":10071,"model":{"type":"model","model":"iasurvival:item/ia_auto/turquoise_ore"}},{"threshold":10072,"model":{"type":"model","model":"iasurvival:item/ia_auto/restoration_table"}},{"threshold":10073,"model":{"type":"model","model":"iasurvival:item/ia_auto/modern_stone"}},{"threshold":10074,"model":{"type":"model","model":"iasurvival:item/ia_auto/blaze_powder_ore"}},{"threshold":10075,"model":{"type":"model","model":"iasurvival:item/ia_auto/modern_quartz"}},{"threshold":10076,"model":{"type":"model","model":"iasurvival:item/ia_auto/nice_stone"}},{"threshold":10077,"model":{"type":"model","model":"ax_emerald_set:item/ia_auto/emerald_icon"}},{"threshold":10078,"model":{"type":"model","model":"item/paper"}}]},"oversized_in_gui":true}