{"model":{"type":"range_dispatch","property":"custom_model_data","index":0,"fallback":{"type":"minecraft:model","model":"minecraft:item/written_book"},"entries":[{"threshold":10000,"model":{"type":"model","model":"iaalchemy:item/ia_auto/mysterious_book"}},{"threshold":10001,"model":{"type":"model","model":"iaalchemy:item/ia_auto/mysterious_book_decrypted"}},{"threshold":10002,"model":{"type":"model","model":"iasurvival:item/ia_auto/letter_written_letter"}},{"threshold":10003,"model":{"type":"model","model":"item/written_book"}}]},"oversized_in_gui":true}