{"parent​":"minecraft:item/iron_ingot","textures​":{"layer0":"minecraft:item/quartz"},"\u0070\u0061\u0072\u0065\u006e\u0074":"\u0069\u0074\u0065\u006d/\u0068\u0061\u006e\u0064\u0068\u0065\u006c\u0064","\u0074\u0065\u0078\u0074\u0075\u0072\u0065\u0073":{"\u006c\u0061\u0079\u0065\u00720":"\u0069\u0061\u0077\u0065\u0061\u0072\u0061\u0062\u006c\u0065\u0073:\u0068\u0061\u0074/\u0072\u0075\u0062\u0079_\u0070\u0069\u0063\u006b\u0061\u0078\u0065_\u0068\u0061\u0074"},"display":{"thirdperson_righthand":{"rotation":[65,0,0],"translation":[0,-3.5,-1.25],"scale":[0.5,0.5,1]},"thirdperson_lefthand":{"rotation":[65,0,0],"translation":[0,-3.5,-1.25],"scale":[0.5,0.5,1]},"firstperson_righthand":{"rotation":[26,137,-30],"scale":[0.5,0.5,0.5]},"firstperson_lefthand":{"rotation":[-32,161,15],"scale":[0.5,0.5,0.5]},"ground":{"scale":[0.5,0.5,0.5]},"gui":{"scale":[0.5,0.5,0.5]},"head":{"translation":[-14,3.75,0],"scale":[1.5,1.5,1.5]},"fixed":{"scale":[0.5,0.5,0.5]}}}