{"textures​":{"layer0":"minecraft:item/dark_oak_leaves"},"credit":"MadewithBlockbench","\u0074\u0065\u0078\u0074\u0075\u0072\u0065\u0073":{"2":"\u0062\u006c\u006f\u0063\u006b/\u0072\u0065\u0064_\u0077\u006f\u006f\u006c","3":"\u0062\u006c\u006f\u0063\u006b/\u0077\u0068\u0069\u0074\u0065_\u0077\u006f\u006f\u006c","\u0070\u0061\u0072\u0074\u0069\u0063\u006c\u0065":"\u0062\u006c\u006f\u0063\u006b/\u0072\u0065\u0064_\u0077\u006f\u006f\u006c"},"elements":[{"name":"Cube","from":[0,0,0],"to":[16,2,16],"faces":{"north":{"uv":[0,0,16,3],"texture":"#3"},"east":{"uv":[0,0,16,3],"texture":"#3"},"south":{"uv":[0,0,16,3],"texture":"#3"},"west":{"uv":[0,0,16,3],"texture":"#3"},"up":{"uv":[0,0,16,16],"texture":"#3"},"down":{"uv":[0,0,16,16],"texture":"#3"}}},{"name":"Cube","from":[1,2,1],"to":[15,4,15],"faces":{"north":{"uv":[0,0,16,3],"texture":"#2"},"east":{"uv":[0,0,16,3],"texture":"#2"},"south":{"uv":[0,0,16,3],"texture":"#2"},"west":{"uv":[0,0,16,3],"texture":"#2"},"up":{"uv":[0,0,16,16],"texture":"#2"},"down":{"uv":[0,0,16,16],"texture":"#2"}}},{"name":"Cube","from":[2,4,2],"to":[14,6,14],"faces":{"north":{"uv":[0,0,16,3],"texture":"#2"},"east":{"uv":[0,0,16,3],"texture":"#2"},"south":{"uv":[0,0,16,3],"texture":"#2"},"west":{"uv":[0,0,16,3],"texture":"#2"},"up":{"uv":[0,0,16,16],"texture":"#2"},"down":{"uv":[0,0,16,16],"texture":"#2"}}},{"name":"Cube","from":[3,6,3],"to":[13,8,13],"faces":{"north":{"uv":[0,0,16,3],"texture":"#2"},"east":{"uv":[0,0,16,3],"texture":"#2"},"south":{"uv":[0,0,16,3],"texture":"#2"},"west":{"uv":[0,0,16,3],"texture":"#2"},"up":{"uv":[0,0,16,16],"texture":"#2"},"down":{"uv":[0,0,16,16],"texture":"#2"}}},{"name":"Cube","from":[4,8,4],"to":[12,10,12],"faces":{"north":{"uv":[0,0,16,3],"texture":"#2"},"east":{"uv":[0,0,16,3],"texture":"#2"},"south":{"uv":[0,0,16,3],"texture":"#2"},"west":{"uv":[0,0,16,3],"texture":"#2"},"up":{"uv":[0,0,16,16],"texture":"#2"},"down":{"uv":[0,0,16,16],"texture":"#2"}}},{"name":"Cube","from":[7,9.6,9.2],"to":[9,11.4,13.6],"faces":{"north":{"uv":[0,0,16,3],"texture":"#2"},"east":{"uv":[0,0,16,3],"texture":"#2"},"south":{"uv":[0,0,16,3],"texture":"#2"},"west":{"uv":[0,0,16,3],"texture":"#2"},"up":{"uv":[0,0,16,16],"texture":"#2"},"down":{"uv":[0,0,16,16],"texture":"#2"}}},{"name":"Cube","from":[7.1,9.2,5.1],"to":[8.9,11,9.5],"rotation":{"angle":-45,"axis":"x","origin":[7.99668,10.89825,9.00507]},"faces":{"north":{"uv":[0,0,16,3],"texture":"#2"},"east":{"uv":[0,0,16,3],"texture":"#2"},"south":{"uv":[0,0,16,3],"texture":"#2"},"west":{"uv":[0,0,16,3],"texture":"#2"},"up":{"uv":[0,0,16,16],"texture":"#2"},"down":{"uv":[0,0,16,16],"texture":"#2"}}},{"name":"Cube","from":[7.2,8.9,13.4],"to":[8.8,10.2,15.7],"rotation":{"angle":22.5,"axis":"x","origin":[8.00873,10.98603,16.00522]},"faces":{"north":{"uv":[0,0,16,3],"texture":"#2"},"east":{"uv":[0,0,8,3],"texture":"#2"},"south":{"uv":[0,0,16,3],"texture":"#2"},"west":{"uv":[0,0,8,3],"texture":"#2"},"up":{"uv":[0,0,6,9],"texture":"#2"},"down":{"uv":[0,0,6,9],"texture":"#2"}}},{"name":"Cube","from":[6.4,7.82721,14.7697],"to":[9.8,10.82721,17.7697],"rotation":{"angle":0,"axis":"x","origin":[8.01103,10.21791,16.55738]},"faces":{"north":{"uv":[0,0,8,3],"rotation":90,"texture":"#3"},"east":{"uv":[0,0,8,3],"rotation":90,"texture":"#3"},"south":{"uv":[0,0,8,3],"rotation":90,"texture":"#3"},"west":{"uv":[0,0,8,3],"rotation":90,"texture":"#3"},"up":{"uv":[0,0,8,3],"rotation":90,"texture":"#3"},"down":{"uv":[0,0,8,3],"rotation":90,"texture":"#3"}}}],"display":{"thirdperson_righthand":{"rotation":[45,45,0],"translation":[0,3,0],"scale":[0.3,0.3,0.3]},"firstperson_righthand":{"translation":[0,-1,0],"scale":[0.3,0.3,0.3]},"firstperson_lefthand":{"translation":[0,-1,0],"scale":[0.3,0.3,0.3]},"ground":{"translation":[0,3,0],"scale":[0.3,0.3,0.3]},"gui":{"rotation":[15,225,0],"translation":[0,2.25,0],"scale":[0.7,0.7,0.7]},"head":{"rotation":[0,90,0],"translation":[0,12.75,0]},"fixed":{"rotation":[0,90,0],"scale":[0.5,0.5,0.5]}},"gui_light":"front"}