{"textures​":{"layer0":"minecraft:item/spruce_fence_gate"},"credit":"Made with Blockbench","texture_size":[24,24],"\u0074\u0065\u0078\u0074\u0075\u0072\u0065\u0073":{"2":"\u0073\u0069\u006d\u0070\u006c\u0065_\u0063\u0072\u0061\u0074\u0065\u0073:\u0070\u0069\u006e\u006b_\u0067\u0072\u0065\u0065\u006e_\u0063\u0072\u0061\u0074\u0065_\u006b\u0065\u0079","\u0070\u0061\u0072\u0074\u0069\u0063\u006c\u0065":"#2"},"elements":[{"from":[7.1,2.52586,4.32721],"to":[8.9,4.32586,5.67721],"rotation":{"angle":0,"axis":"y","origin":[8,8.06979,8]},"faces":{"north":{"uv":[2.66667,9.33333,4,10.66667],"texture":"#2"},"east":{"uv":[6.66667,9.33333,7.66667,10.66667],"texture":"#2"},"south":{"uv":[9.33333,2.66667,10.66667,4],"texture":"#2"},"west":{"uv":[9.33333,6.66667,10.33333,8],"texture":"#2"},"up":{"uv":[10.66667,9,9.33333,8],"texture":"#2"},"down":{"uv":[10.66667,9.33333,9.33333,10.33333],"texture":"#2"}}},{"from":[7.13,3.94669,13.16721],"to":[8.87,6.74669,14.51721],"rotation":{"angle":45,"axis":"x","origin":[8,8.06979,8]},"faces":{"north":{"uv":[6.66667,5.33333,7.66667,7.33333],"texture":"#2"},"east":{"uv":[6.66667,7.33333,7.66667,9.33333],"texture":"#2"},"south":{"uv":[8,2.66667,9,4.66667],"texture":"#2"},"west":{"uv":[8,4.66667,9,6.66667],"texture":"#2"},"up":{"uv":[12.33333,1,11.33333,0],"texture":"#2"},"down":{"uv":[2.33333,11.33333,1.33333,12.33333],"texture":"#2"}}},{"from":[7.13,3.94669,1.48279],"to":[8.87,6.74669,2.83279],"rotation":{"angle":-45,"axis":"x","origin":[8,8.06979,8]},"faces":{"north":{"uv":[8,6.66667,9,8.66667],"texture":"#2"},"east":{"uv":[8,8.66667,9,10.66667],"texture":"#2"},"south":{"uv":[0,9.33333,1,11.33333],"texture":"#2"},"west":{"uv":[1.33333,9.33333,2.33333,11.33333],"texture":"#2"},"up":{"uv":[12.33333,2.33333,11.33333,1.33333],"texture":"#2"},"down":{"uv":[3.66667,12,2.66667,13],"texture":"#2"}}},{"from":[7.1,4.24865,5.6],"to":[8.9,5.59865,10.4],"rotation":{"angle":0,"axis":"y","origin":[8,8.06979,8]},"faces":{"north":{"uv":[10,0,11.33333,1],"texture":"#2"},"east":{"uv":[6.66667,0,10,1],"texture":"#2"},"south":{"uv":[10,1.33333,11.33333,2.33333],"texture":"#2"},"west":{"uv":[6.66667,1.33333,10,2.33333],"texture":"#2"},"up":{"uv":[6.66667,3.33333,5.33333,0],"texture":"#2"},"down":{"uv":[6.66667,3.33333,5.33333,6.66667],"texture":"#2"}}},{"from":[7.13,2.82537,8.0503],"to":[8.87,4.62537,9.4003],"rotation":{"angle":45,"axis":"x","origin":[8,8.06979,8]},"faces":{"north":{"uv":[2.66667,10.66667,3.66667,12],"texture":"#2"},"east":{"uv":[10.66667,2.66667,11.66667,4],"texture":"#2"},"south":{"uv":[4,10.66667,5,12],"texture":"#2"},"west":{"uv":[10.66667,4,11.66667,5.33333],"texture":"#2"},"up":{"uv":[13,3.66667,12,2.66667],"texture":"#2"},"down":{"uv":[5,12,4,13],"texture":"#2"}}},{"from":[7.13,2.82537,6.5997],"to":[8.87,4.62537,7.9497],"rotation":{"angle":-45,"axis":"x","origin":[8,8.06979,8]},"faces":{"north":{"uv":[5.33333,10.66667,6.33333,12],"texture":"#2"},"east":{"uv":[10.66667,5.33333,11.66667,6.66667],"texture":"#2"},"south":{"uv":[6.66667,10.66667,7.66667,12],"texture":"#2"},"west":{"uv":[10.66667,6.66667,11.66667,8],"texture":"#2"},"up":{"uv":[13,5,12,4],"texture":"#2"},"down":{"uv":[6.33333,12,5.33333,13],"texture":"#2"}}},{"from":[7.3,-0.07194,8.9],"to":[8.7,1.27806,9.9],"rotation":{"angle":0,"axis":"y","origin":[8,8.06979,8]},"faces":{"north":{"uv":[12,5.33333,13,6.33333],"texture":"#2"},"east":{"uv":[0.66667,12.66667,1.33333,13.66667],"texture":"#2"},"south":{"uv":[6.66667,12,7.66667,13],"texture":"#2"},"west":{"uv":[1.33333,12.66667,2,13.66667],"texture":"#2"},"up":{"uv":[11.66667,13.33333,10.66667,12.66667],"texture":"#2"},"down":{"uv":[13,12.66667,12,13.33333],"texture":"#2"}}},{"from":[7.3,-0.07194,6.1],"to":[8.7,1.27806,7.1],"rotation":{"angle":0,"axis":"y","origin":[8,8.06979,8]},"faces":{"north":{"uv":[12,6.66667,13,7.66667],"texture":"#2"},"east":{"uv":[2,12.66667,2.66667,13.66667],"texture":"#2"},"south":{"uv":[8,12,9,13],"texture":"#2"},"west":{"uv":[13.33333,0,14,1],"texture":"#2"},"up":{"uv":[14.33333,2,13.33333,1.33333],"texture":"#2"},"down":{"uv":[14.33333,2,13.33333,2.66667],"texture":"#2"}}},{"from":[7.3,-0.07194,7.1],"to":[8.7,0.82806,8.9],"rotation":{"angle":0,"axis":"y","origin":[8,8.06979,8]},"faces":{"north":{"uv":[2.66667,13.33333,3.66667,14],"texture":"#2"},"east":{"uv":[12,9.33333,13.33333,10],"texture":"#2"},"south":{"uv":[13.33333,2.66667,14.33333,3.33333],"texture":"#2"},"west":{"uv":[12,10,13.33333,10.66667],"texture":"#2"},"up":{"uv":[9,12,8,10.66667],"texture":"#2"},"down":{"uv":[11.66667,8,10.66667,9.33333],"texture":"#2"}}},{"from":[7.1,2.52586,10.32279],"to":[8.9,4.32586,11.67279],"rotation":{"angle":0,"axis":"y","origin":[8,8.06979,8]},"faces":{"north":{"uv":[4,9.33333,5.33333,10.66667],"texture":"#2"},"east":{"uv":[9.33333,10.66667,10.33333,12],"texture":"#2"},"south":{"uv":[9.33333,4,10.66667,5.33333],"texture":"#2"},"west":{"uv":[10.66667,9.33333,11.66667,10.66667],"texture":"#2"},"up":{"uv":[12,11.66667,10.66667,10.66667],"texture":"#2"},"down":{"uv":[1.33333,11.33333,0,12.33333],"texture":"#2"}}},{"from":[7,11.01152,7],"to":[9,12.01152,9],"rotation":{"angle":0,"axis":"y","origin":[8,8.06979,8]},"faces":{"north":{"uv":[10.66667,12,12,12.66667],"texture":"#2"},"east":{"uv":[12,10.66667,13.33333,11.33333],"texture":"#2"},"south":{"uv":[12,11.33333,13.33333,12],"texture":"#2"},"west":{"uv":[12,12,13.33333,12.66667],"texture":"#2"},"up":{"uv":[6.66667,10.66667,5.33333,9.33333],"texture":"#2"},"down":{"uv":[10.66667,5.33333,9.33333,6.66667],"texture":"#2"}}},{"from":[7.5,2.26152,7.5],"to":[8.5,3.51152,8.5],"rotation":{"angle":0,"axis":"y","origin":[8,8.06979,8]},"faces":{"north":{"uv":[13.33333,3.33333,14,4.33333],"texture":"#2"},"east":{"uv":[4,13.33333,4.66667,14.33333],"texture":"#2"},"south":{"uv":[4.66667,13.33333,5.33333,14.33333],"texture":"#2"},"west":{"uv":[13.33333,4.66667,14,5.66667],"texture":"#2"},"up":{"uv":[14,8,13.33333,7.33333],"texture":"#2"},"down":{"uv":[8.66667,13.33333,8,14],"texture":"#2"}}},{"from":[7.75,13.26152,10.225],"to":[8.25,14.26152,11.725],"rotation":{"angle":0,"axis":"y","origin":[8,8.06979,8]},"faces":{"north":{"uv":[13.33333,11.33333,13.66667,12],"texture":"#2"},"east":{"uv":[5.33333,13.33333,6.33333,14],"texture":"#2"},"south":{"uv":[12,13.33333,12.33333,14],"texture":"#2"},"west":{"uv":[13.33333,6,14.33333,6.66667],"texture":"#2"},"up":{"uv":[13.66667,9.66667,13.33333,8.66667],"texture":"#2"},"down":{"uv":[9.66667,13.33333,9.33333,14.33333],"texture":"#2"}}},{"from":[7.75,14.26152,10.225],"to":[8.25,15.26152,11.225],"rotation":{"angle":0,"axis":"y","origin":[8,8.06979,8]},"faces":{"north":{"uv":[13.33333,12,13.66667,12.66667],"texture":"#2"},"east":{"uv":[13.33333,8,14,8.66667],"texture":"#2"},"south":{"uv":[12.66667,13.33333,13,14],"texture":"#2"},"west":{"uv":[8.66667,13.33333,9.33333,14],"texture":"#2"},"up":{"uv":[13.66667,13.33333,13.33333,12.66667],"texture":"#2"},"down":{"uv":[13.66667,13.33333,13.33333,14],"texture":"#2"}}},{"from":[7.75,15.26152,10.225],"to":[8.25,16.26152,11.725],"rotation":{"angle":0,"axis":"y","origin":[8,8.06979,8]},"faces":{"north":{"uv":[14,0,14.33333,0.66667],"texture":"#2"},"east":{"uv":[6.66667,13.33333,7.66667,14],"texture":"#2"},"south":{"uv":[0.66667,14,1,14.66667],"texture":"#2"},"west":{"uv":[13.33333,6.66667,14.33333,7.33333],"texture":"#2"},"up":{"uv":[10.33333,14.33333,10,13.33333],"texture":"#2"},"down":{"uv":[13.66667,10,13.33333,11],"texture":"#2"}}},{"from":[7.75,13.26152,8.725],"to":[8.25,16.76152,10.225],"rotation":{"angle":0,"axis":"y","origin":[8,8.06979,8]},"faces":{"north":{"uv":[0,12.66667,0.33333,15],"texture":"#2"},"east":{"uv":[6.66667,2.66667,7.66667,5],"texture":"#2"},"south":{"uv":[12.66667,0,13,2.33333],"texture":"#2"},"west":{"uv":[5.33333,6.66667,6.33333,9],"texture":"#2"},"up":{"uv":[11,14.33333,10.66667,13.33333],"texture":"#2"},"down":{"uv":[11.66667,13.33333,11.33333,14.33333],"texture":"#2"}}},{"from":[7.25,3.48652,7.25],"to":[8.75,17.01152,8.75],"rotation":{"angle":0,"axis":"y","origin":[8,8.06979,8]},"faces":{"north":{"uv":[0,0,1,9],"texture":"#2"},"east":{"uv":[1.33333,0,2.33333,9],"texture":"#2"},"south":{"uv":[2.66667,0,3.66667,9],"texture":"#2"},"west":{"uv":[4,0,5,9],"texture":"#2"},"up":{"uv":[13,9,12,8],"texture":"#2"},"down":{"uv":[10.33333,12,9.33333,13],"texture":"#2"}}}],"display":{"thirdperson_righthand":{"rotation":[0,180,0],"translation":[0,2.5,0.9],"scale":[0.5,0.5,0.5]},"thirdperson_lefthand":{"rotation":[0,180,0],"translation":[0,2.5,0.9],"scale":[0.5,0.5,0.5]},"firstperson_righthand":{"rotation":[-65,180,0],"translation":[0,2.5,1.25],"scale":[0.5,0.5,0.5]},"firstperson_lefthand":{"rotation":[-65,-180,0],"translation":[0,2.5,1.25],"scale":[0.5,0.5,0.5]},"ground":{"translation":[0,0.75,0],"scale":[0.5,0.5,0.5]},"gui":{"rotation":[90,50,-90],"scale":[0.7,0.7,0.7]},"head":{"translation":[0,10.5,0],"scale":[0.5,0.5,0.5]},"fixed":{"rotation":[0,-90,0],"scale":[0.7,0.7,0.7]}},"gui_light":"front"}